{
"meta":{"test_sets":[],"test_metrics":[],"learn_metrics":[{"best_value":"Min","name":"Logloss"}],"launch_mode":"Train","parameters":"","iteration_count":1000,"learn_sets":["learn"],"name":"experiment"},
"iterations":[
{"learn":[0.6713028584],"iteration":0,"passed_time":0.181184951,"remaining_time":181.0037661},
{"learn":[0.6526808966],"iteration":1,"passed_time":0.2099574597,"remaining_time":104.7687724},
{"learn":[0.631921658],"iteration":2,"passed_time":0.2322904958,"remaining_time":77.19787477},
{"learn":[0.6085919674],"iteration":3,"passed_time":0.2574999113,"remaining_time":64.11747792},
{"learn":[0.5834427703],"iteration":4,"passed_time":0.2803303881,"remaining_time":55.78574724},
{"learn":[0.5654817708],"iteration":5,"passed_time":0.3032324577,"remaining_time":50.23551049},
{"learn":[0.5480089751],"iteration":6,"passed_time":0.3224175926,"remaining_time":45.73723849},
{"learn":[0.5294831969],"iteration":7,"passed_time":0.3495985204,"remaining_time":43.35021653},
{"learn":[0.5140011936],"iteration":8,"passed_time":0.3711525492,"remaining_time":40.86801958},
{"learn":[0.5029618133],"iteration":9,"passed_time":0.3960969497,"remaining_time":39.21359802},
{"learn":[0.4879613483],"iteration":10,"passed_time":0.423440676,"remaining_time":38.07116623},
{"learn":[0.4753625682],"iteration":11,"passed_time":0.4486520987,"remaining_time":36.93902279},
{"learn":[0.4628855872],"iteration":12,"passed_time":0.4766706516,"remaining_time":36.19030255},
{"learn":[0.45046844],"iteration":13,"passed_time":0.5080604105,"remaining_time":35.78196891},
{"learn":[0.4408504619],"iteration":14,"passed_time":0.5353909384,"remaining_time":35.15733829},
{"learn":[0.4299629526],"iteration":15,"passed_time":0.5589614144,"remaining_time":34.37612699},
{"learn":[0.4216178385],"iteration":16,"passed_time":0.5924310281,"remaining_time":34.25645298},
{"learn":[0.4121496001],"iteration":17,"passed_time":0.6244707778,"remaining_time":34.06835021},
{"learn":[0.4041531808],"iteration":18,"passed_time":0.6536007378,"remaining_time":33.74643809},
{"learn":[0.3943253968],"iteration":19,"passed_time":0.6959846482,"remaining_time":34.10324776},
{"learn":[0.3885103547],"iteration":20,"passed_time":0.7331448851,"remaining_time":34.17851631},
{"learn":[0.3806734406],"iteration":21,"passed_time":0.7695072745,"remaining_time":34.20809611},
{"learn":[0.3726314097],"iteration":22,"passed_time":0.8095750454,"remaining_time":34.38933997},
{"learn":[0.3647728717],"iteration":23,"passed_time":0.8475360964,"remaining_time":34.46646792},
{"learn":[0.3590411086],"iteration":24,"passed_time":0.886838188,"remaining_time":34.58668933},
{"learn":[0.3551056005],"iteration":25,"passed_time":0.9137515023,"remaining_time":34.23053705},
{"learn":[0.3487681362],"iteration":26,"passed_time":0.9363389092,"remaining_time":33.74287995},
{"learn":[0.3439475214],"iteration":27,"passed_time":0.9649440108,"remaining_time":33.49734209},
{"learn":[0.3398107329],"iteration":28,"passed_time":0.984177582,"remaining_time":32.95298042},
{"learn":[0.3354723927],"iteration":29,"passed_time":1.012535221,"remaining_time":32.73863881},
{"learn":[0.3317355686],"iteration":30,"passed_time":1.040704329,"remaining_time":32.53040306},
{"learn":[0.3275837441],"iteration":31,"passed_time":1.062535228,"remaining_time":32.14169063},
{"learn":[0.3246457248],"iteration":32,"passed_time":1.092077204,"remaining_time":32.00117141},
{"learn":[0.3209175425],"iteration":33,"passed_time":1.120007403,"remaining_time":31.8213868},
{"learn":[0.3167742436],"iteration":34,"passed_time":1.148487003,"remaining_time":31.66542736},
{"learn":[0.3127848307],"iteration":35,"passed_time":1.171114725,"remaining_time":31.35984987},
{"learn":[0.3108630565],"iteration":36,"passed_time":1.201335737,"remaining_time":31.26719769},
{"learn":[0.3081560407],"iteration":37,"passed_time":1.222651446,"remaining_time":30.95238659},
{"learn":[0.305832442],"iteration":38,"passed_time":1.249625695,"remaining_time":30.7920588},
{"learn":[0.3032047526],"iteration":39,"passed_time":1.273708355,"remaining_time":30.56900053},
{"learn":[0.3011963666],"iteration":40,"passed_time":1.293993756,"remaining_time":30.26682955},
{"learn":[0.2984420534],"iteration":41,"passed_time":1.321158474,"remaining_time":30.13499566},
{"learn":[0.2969642276],"iteration":42,"passed_time":1.343927236,"remaining_time":29.91019454},
{"learn":[0.2939748806],"iteration":43,"passed_time":1.374660475,"remaining_time":29.86762304},
{"learn":[0.291625434],"iteration":44,"passed_time":1.399329653,"remaining_time":29.69688487},
{"learn":[0.2903758216],"iteration":45,"passed_time":1.423726211,"remaining_time":29.5268436},
{"learn":[0.288112793],"iteration":46,"passed_time":1.45436915,"remaining_time":29.48965531},
{"learn":[0.2860423255],"iteration":47,"passed_time":1.486958144,"remaining_time":29.49133653},
{"learn":[0.2841393074],"iteration":48,"passed_time":1.511705005,"remaining_time":29.33941754},
{"learn":[0.2827287753],"iteration":49,"passed_time":1.534943912,"remaining_time":29.16393433},
{"learn":[0.2816450815],"iteration":50,"passed_time":1.555035277,"remaining_time":28.93585251},
{"learn":[0.2800827559],"iteration":51,"passed_time":1.579006452,"remaining_time":28.78650224},
{"learn":[0.2791264416],"iteration":52,"passed_time":1.604339532,"remaining_time":28.66621768},
{"learn":[0.2774200536],"iteration":53,"passed_time":1.630980087,"remaining_time":28.57235486},
{"learn":[0.2764524236],"iteration":54,"passed_time":1.650821394,"remaining_time":28.36411304},
{"learn":[0.27492203],"iteration":55,"passed_time":1.672936541,"remaining_time":28.20093026},
{"learn":[0.273547557],"iteration":56,"passed_time":1.69895821,"remaining_time":28.10732617},
{"learn":[0.2719439407],"iteration":57,"passed_time":1.732472527,"remaining_time":28.13774346},
{"learn":[0.2700005813],"iteration":58,"passed_time":1.774115117,"remaining_time":28.29563263},
{"learn":[0.2684252155],"iteration":59,"passed_time":1.809674896,"remaining_time":28.35157337},
{"learn":[0.2672548906],"iteration":60,"passed_time":1.84503534,"remaining_time":28.40144564},
{"learn":[0.2660680571],"iteration":61,"passed_time":1.872925336,"remaining_time":28.33554783},
{"learn":[0.2650651817],"iteration":62,"passed_time":1.911881012,"remaining_time":28.43543665},
{"learn":[0.2639851888],"iteration":63,"passed_time":1.94027107,"remaining_time":28.3764644},
{"learn":[0.2629718308],"iteration":64,"passed_time":1.967706806,"remaining_time":28.3047056},
{"learn":[0.2621332272],"iteration":65,"passed_time":1.994961895,"remaining_time":28.23173349},
{"learn":[0.2614324467],"iteration":66,"passed_time":2.023569522,"remaining_time":28.17896066},
{"learn":[0.2607454621],"iteration":67,"passed_time":2.055580898,"remaining_time":28.17354995},
{"learn":[0.2596461317],"iteration":68,"passed_time":2.091779972,"remaining_time":28.2238718},
{"learn":[0.2588336085],"iteration":69,"passed_time":2.125093426,"remaining_time":28.23338409},
{"learn":[0.2574267966],"iteration":70,"passed_time":2.16019723,"remaining_time":28.26511587},
{"learn":[0.2569356476],"iteration":71,"passed_time":2.191960375,"remaining_time":28.25193372},
{"learn":[0.2562000674],"iteration":72,"passed_time":2.221676732,"remaining_time":28.21225111},
{"learn":[0.2554383293],"iteration":73,"passed_time":2.245369368,"remaining_time":28.09745993},
{"learn":[0.2548740544],"iteration":74,"passed_time":2.269115767,"remaining_time":27.98576112},
{"learn":[0.2541032482],"iteration":75,"passed_time":2.302841473,"remaining_time":27.99770422},
{"learn":[0.2532973517],"iteration":76,"passed_time":2.32540439,"remaining_time":27.87465262},
{"learn":[0.2524371047],"iteration":77,"passed_time":2.347573385,"remaining_time":27.7495213},
{"learn":[0.2516687787],"iteration":78,"passed_time":2.373288711,"remaining_time":27.66834054},
{"learn":[0.2509165737],"iteration":79,"passed_time":2.395754428,"remaining_time":27.55117592},
{"learn":[0.2503040326],"iteration":80,"passed_time":2.421918724,"remaining_time":27.47831243},
{"learn":[0.249742141],"iteration":81,"passed_time":2.452535916,"remaining_time":27.45643867},
{"learn":[0.2493042186],"iteration":82,"passed_time":2.476853959,"remaining_time":27.36476},
{"learn":[0.2486318049],"iteration":83,"passed_time":2.500387144,"remaining_time":27.26612648},
{"learn":[0.2478893462],"iteration":84,"passed_time":2.525138486,"remaining_time":27.18237311},
{"learn":[0.2469843789],"iteration":85,"passed_time":2.552824558,"remaining_time":27.13118193},
{"learn":[0.246290632],"iteration":86,"passed_time":2.582033501,"remaining_time":27.09651249},
{"learn":[0.2458584062],"iteration":87,"passed_time":2.612316835,"remaining_time":27.07310175},
{"learn":[0.2452943251],"iteration":88,"passed_time":2.636337649,"remaining_time":26.98543369},
{"learn":[0.2449753534],"iteration":89,"passed_time":2.657846369,"remaining_time":26.87377995},
{"learn":[0.2447873845],"iteration":90,"passed_time":2.679950496,"remaining_time":26.77005496},
{"learn":[0.2444680835],"iteration":91,"passed_time":2.709345029,"remaining_time":26.74005746},
{"learn":[0.2440647864],"iteration":92,"passed_time":2.734055777,"remaining_time":26.66439344},
{"learn":[0.2436012292],"iteration":93,"passed_time":2.7634647,"remaining_time":26.63509593},
{"learn":[0.2429253666],"iteration":94,"passed_time":2.791326019,"remaining_time":26.59105313},
{"learn":[0.2426127697],"iteration":95,"passed_time":2.814221741,"remaining_time":26.50058806},
{"learn":[0.2423209442],"iteration":96,"passed_time":2.836647806,"remaining_time":26.40714401},
{"learn":[0.2417358398],"iteration":97,"passed_time":2.857775716,"remaining_time":26.30320098},
{"learn":[0.241312469],"iteration":98,"passed_time":2.881970144,"remaining_time":26.22883939},
{"learn":[0.2408654204],"iteration":99,"passed_time":2.911427334,"remaining_time":26.20284601},
{"learn":[0.2402132161],"iteration":100,"passed_time":2.944917211,"remaining_time":26.21267894},
{"learn":[0.2397684927],"iteration":101,"passed_time":2.989114835,"remaining_time":26.31593257},
{"learn":[0.2391768586],"iteration":102,"passed_time":3.024907757,"remaining_time":26.34312872},
{"learn":[0.2386118087],"iteration":103,"passed_time":3.063146199,"remaining_time":26.39018264},
{"learn":[0.2383047146],"iteration":104,"passed_time":3.116291536,"remaining_time":26.56267547},
{"learn":[0.2379841735],"iteration":105,"passed_time":3.154324154,"remaining_time":26.60345088},
{"learn":[0.2376577613],"iteration":106,"passed_time":3.184599319,"remaining_time":26.57801114},
{"learn":[0.2371230934],"iteration":107,"passed_time":3.220886447,"remaining_time":26.60213621},
{"learn":[0.2366588774],"iteration":108,"passed_time":3.255589684,"remaining_time":26.61220558},
{"learn":[0.2361560059],"iteration":109,"passed_time":3.287637508,"remaining_time":26.5999762},
{"learn":[0.2359320747],"iteration":110,"passed_time":3.320637217,"remaining_time":26.59501338},
{"learn":[0.235617482],"iteration":111,"passed_time":3.352773005,"remaining_time":26.58270025},
{"learn":[0.2352255782],"iteration":112,"passed_time":3.383545789,"remaining_time":26.5593373},
{"learn":[0.2347837805],"iteration":113,"passed_time":3.412580518,"remaining_time":26.52233631},
{"learn":[0.2343644012],"iteration":114,"passed_time":3.448651181,"remaining_time":26.53961996},
{"learn":[0.2340209961],"iteration":115,"passed_time":3.4766814,"remaining_time":26.49470998},
{"learn":[0.2338025484],"iteration":116,"passed_time":3.507711452,"remaining_time":26.47272831},
{"learn":[0.2334739661],"iteration":117,"passed_time":3.530115671,"remaining_time":26.38611883},
{"learn":[0.233207039],"iteration":118,"passed_time":3.557796048,"remaining_time":26.33964973},
{"learn":[0.2327264695],"iteration":119,"passed_time":3.580813577,"remaining_time":26.25929956},
{"learn":[0.232521527],"iteration":120,"passed_time":3.604686194,"remaining_time":26.1861088},
{"learn":[0.2321884107],"iteration":121,"passed_time":3.632716255,"remaining_time":26.14364649},
{"learn":[0.2318334573],"iteration":122,"passed_time":3.654999324,"remaining_time":26.06044234},
{"learn":[0.2314190189],"iteration":123,"passed_time":3.678582789,"remaining_time":25.98740744},
{"learn":[0.2310754588],"iteration":124,"passed_time":3.700507865,"remaining_time":25.90355505},
{"learn":[0.2308227539],"iteration":125,"passed_time":3.735192261,"remaining_time":25.90919076},
{"learn":[0.2305368187],"iteration":126,"passed_time":3.763084781,"remaining_time":25.86750404},
{"learn":[0.230223253],"iteration":127,"passed_time":3.78864865,"remaining_time":25.81016893},
{"learn":[0.2299874442],"iteration":128,"passed_time":3.813063912,"remaining_time":25.74557107},
{"learn":[0.2295689949],"iteration":129,"passed_time":3.837589531,"remaining_time":25.68232994},
{"learn":[0.2293435717],"iteration":130,"passed_time":3.859818427,"remaining_time":25.60444438},
{"learn":[0.228942968],"iteration":131,"passed_time":3.878932144,"remaining_time":25.50691743},
{"learn":[0.2286034962],"iteration":132,"passed_time":3.902790686,"remaining_time":25.44150019},
{"learn":[0.228144725],"iteration":133,"passed_time":3.931097391,"remaining_time":25.40545031},
{"learn":[0.227827846],"iteration":134,"passed_time":3.958928044,"remaining_time":25.36646488},
{"learn":[0.2276082551],"iteration":135,"passed_time":3.981539162,"remaining_time":25.29448409},
{"learn":[0.2272919573],"iteration":136,"passed_time":4.006824379,"remaining_time":25.2400689},
{"learn":[0.2270546177],"iteration":137,"passed_time":4.032059951,"remaining_time":25.18576578},
{"learn":[0.2268206109],"iteration":138,"passed_time":4.054729879,"remaining_time":25.11598868},
{"learn":[0.2266257828],"iteration":139,"passed_time":4.075159076,"remaining_time":25.03312004},
{"learn":[0.2264443824],"iteration":140,"passed_time":4.097728549,"remaining_time":24.96417605},
{"learn":[0.2263100663],"iteration":141,"passed_time":4.130374776,"remaining_time":24.95677153},
{"learn":[0.2261013261],"iteration":142,"passed_time":4.164516345,"remaining_time":24.95797558},
{"learn":[0.2257517206],"iteration":143,"passed_time":4.205143877,"remaining_time":24.99724416},
{"learn":[0.2255694096],"iteration":144,"passed_time":4.246113001,"remaining_time":25.03742493},
{"learn":[0.2253590999],"iteration":145,"passed_time":4.283160388,"remaining_time":25.0535546},
{"learn":[0.2251565988],"iteration":146,"passed_time":4.312803528,"remaining_time":25.02599598},
{"learn":[0.2248168558],"iteration":147,"passed_time":4.350337418,"remaining_time":25.04383432},
{"learn":[0.2246347385],"iteration":148,"passed_time":4.384572729,"remaining_time":25.04208988},
{"learn":[0.2243793403],"iteration":149,"passed_time":4.411882628,"remaining_time":25.00066823},
{"learn":[0.2242333597],"iteration":150,"passed_time":4.439254619,"remaining_time":24.95978259},
{"learn":[0.2240385703],"iteration":151,"passed_time":4.468221396,"remaining_time":24.927972},
{"learn":[0.2238461062],"iteration":152,"passed_time":4.502210426,"remaining_time":24.92400151},
{"learn":[0.2237190561],"iteration":153,"passed_time":4.543202207,"remaining_time":24.95811083},
{"learn":[0.2236406405],"iteration":154,"passed_time":4.574093129,"remaining_time":24.93618513},
{"learn":[0.2234932454],"iteration":155,"passed_time":4.605602327,"remaining_time":24.91748951},
{"learn":[0.2233823552],"iteration":156,"passed_time":4.638834874,"remaining_time":24.90788407},
{"learn":[0.2230671619],"iteration":157,"passed_time":4.665125851,"remaining_time":24.86098713},
{"learn":[0.2229566398],"iteration":158,"passed_time":4.691470929,"remaining_time":24.81463554},
{"learn":[0.2227183702],"iteration":159,"passed_time":4.716906528,"remaining_time":24.76375927},
{"learn":[0.2225646585],"iteration":160,"passed_time":4.743839699,"remaining_time":24.72100315},
{"learn":[0.2224500093],"iteration":161,"passed_time":4.767683127,"remaining_time":24.66245963},
{"learn":[0.2223494272],"iteration":162,"passed_time":4.791196196,"remaining_time":24.6026455},
{"learn":[0.2221389044],"iteration":163,"passed_time":4.815227258,"remaining_time":24.54591456},
{"learn":[0.2218673076],"iteration":164,"passed_time":4.840542137,"remaining_time":24.49607688},
{"learn":[0.2216636052],"iteration":165,"passed_time":4.869540932,"remaining_time":24.465043},
{"learn":[0.221511308],"iteration":166,"passed_time":4.901178035,"remaining_time":24.44719343},
{"learn":[0.2213364568],"iteration":167,"passed_time":4.921161957,"remaining_time":24.37146874},
{"learn":[0.2211458333],"iteration":168,"passed_time":4.950842138,"remaining_time":24.34408175},
{"learn":[0.2209477307],"iteration":169,"passed_time":4.975026588,"remaining_time":24.28983569},
{"learn":[0.2207820638],"iteration":170,"passed_time":4.997628881,"remaining_time":24.22827101},
{"learn":[0.2206127155],"iteration":171,"passed_time":5.021375638,"remaining_time":24.17266877},
{"learn":[0.2204619296],"iteration":172,"passed_time":5.047298713,"remaining_time":24.12783836},
{"learn":[0.2202461558],"iteration":173,"passed_time":5.073868363,"remaining_time":24.08629464},
{"learn":[0.2199856035],"iteration":174,"passed_time":5.09586337,"remaining_time":24.02335588},
{"learn":[0.2198303223],"iteration":175,"passed_time":5.115951989,"remaining_time":23.95195704},
{"learn":[0.2197380914],"iteration":176,"passed_time":5.139852937,"remaining_time":23.89886422},
{"learn":[0.2195142958],"iteration":177,"passed_time":5.164986205,"remaining_time":23.85179023},
{"learn":[0.2193493459],"iteration":178,"passed_time":5.192131107,"remaining_time":23.81418792},
{"learn":[0.2190953234],"iteration":179,"passed_time":5.217691896,"remaining_time":23.7694853},
{"learn":[0.2190003023],"iteration":180,"passed_time":5.248109375,"remaining_time":23.74697004},
{"learn":[0.218845118],"iteration":181,"passed_time":5.271468022,"remaining_time":23.69264199},
{"learn":[0.2187434508],"iteration":182,"passed_time":5.305311462,"remaining_time":23.68546156},
{"learn":[0.2185513548],"iteration":183,"passed_time":5.334942595,"remaining_time":23.65931064},
{"learn":[0.2182779367],"iteration":184,"passed_time":5.374449137,"remaining_time":23.67662728},
{"learn":[0.2180622985],"iteration":185,"passed_time":5.405947625,"remaining_time":23.65828692},
{"learn":[0.2178930277],"iteration":186,"passed_time":5.439726844,"remaining_time":23.64972152},
{"learn":[0.2177625481],"iteration":187,"passed_time":5.474726276,"remaining_time":23.64615817},
{"learn":[0.2175994001],"iteration":188,"passed_time":5.506485697,"remaining_time":23.62835926},
{"learn":[0.217430168],"iteration":189,"passed_time":5.536457354,"remaining_time":23.60279188},
{"learn":[0.2172500853],"iteration":190,"passed_time":5.569678864,"remaining_time":23.59094346},
{"learn":[0.2170231895],"iteration":191,"passed_time":5.597616033,"remaining_time":23.55663414},
{"learn":[0.2169504898],"iteration":192,"passed_time":5.636776408,"remaining_time":23.56931897},
{"learn":[0.2168146236],"iteration":193,"passed_time":5.676052512,"remaining_time":23.58195013},
{"learn":[0.2166577342],"iteration":194,"passed_time":5.714714766,"remaining_time":23.5915148},
{"learn":[0.2165732926],"iteration":195,"passed_time":5.745908043,"remaining_time":23.56994932},
{"learn":[0.2164214797],"iteration":196,"passed_time":5.771513257,"remaining_time":23.52550835},
{"learn":[0.2161990405],"iteration":197,"passed_time":5.804588502,"remaining_time":23.51151505},
{"learn":[0.2159819103],"iteration":198,"passed_time":5.831297943,"remaining_time":23.4717068},
{"learn":[0.2158351935],"iteration":199,"passed_time":5.854938178,"remaining_time":23.41975271},
{"learn":[0.2156004503],"iteration":200,"passed_time":5.876206498,"remaining_time":23.3586517},
{"learn":[0.2153757247],"iteration":201,"passed_time":5.90094727,"remaining_time":23.31166298},
{"learn":[0.2152801223],"iteration":202,"passed_time":5.933637939,"remaining_time":23.2961056},
{"learn":[0.2150664605],"iteration":203,"passed_time":5.959517248,"remaining_time":23.2538026},
{"learn":[0.2149589611],"iteration":204,"passed_time":5.978965186,"remaining_time":23.18671865},
{"learn":[0.2148836651],"iteration":205,"passed_time":6.004361474,"remaining_time":23.14302432},
{"learn":[0.2146620396],"iteration":206,"passed_time":6.035254304,"remaining_time":23.12056359},
{"learn":[0.2144282847],"iteration":207,"passed_time":6.060631496,"remaining_time":23.07701993},
{"learn":[0.2143456062],"iteration":208,"passed_time":6.086628099,"remaining_time":23.03599439},
{"learn":[0.2141816057],"iteration":209,"passed_time":6.106338566,"remaining_time":22.97146413},
{"learn":[0.2141173929],"iteration":210,"passed_time":6.13558402,"remaining_time":22.94301323},
{"learn":[0.2139526561],"iteration":211,"passed_time":6.157069519,"remaining_time":22.88571123},
{"learn":[0.2137278917],"iteration":212,"passed_time":6.178441673,"remaining_time":22.82832675},
{"learn":[0.2136267284],"iteration":213,"passed_time":6.207454171,"remaining_time":22.79934102},
{"learn":[0.2134867544],"iteration":214,"passed_time":6.228528316,"remaining_time":22.74137083},
{"learn":[0.2132632495],"iteration":215,"passed_time":6.255843288,"remaining_time":22.70639416},
{"learn":[0.2130795433],"iteration":216,"passed_time":6.280911475,"remaining_time":22.66338104},
{"learn":[0.2129474749],"iteration":217,"passed_time":6.302911713,"remaining_time":22.60952734},
{"learn":[0.212788706],"iteration":218,"passed_time":6.327127857,"remaining_time":22.56386692},
{"learn":[0.2126622566],"iteration":219,"passed_time":6.350952809,"remaining_time":22.5170145},
{"learn":[0.2124163721],"iteration":220,"passed_time":6.377224235,"remaining_time":22.47899402},
{"learn":[0.2121901352],"iteration":221,"passed_time":6.399200636,"remaining_time":22.42602745},
{"learn":[0.2120016819],"iteration":222,"passed_time":6.417183771,"remaining_time":22.35942507},
{"learn":[0.2118855601],"iteration":223,"passed_time":6.437059804,"remaining_time":22.29981432},
{"learn":[0.2116325645],"iteration":224,"passed_time":6.462069356,"remaining_time":22.25823889},
{"learn":[0.2113739111],"iteration":225,"passed_time":6.488493256,"remaining_time":22.22165389},
{"learn":[0.2112847997],"iteration":226,"passed_time":6.522413333,"remaining_time":22.21068505},
{"learn":[0.2111832295],"iteration":227,"passed_time":6.566941426,"remaining_time":22.23543325},
{"learn":[0.2110425192],"iteration":228,"passed_time":6.610550301,"remaining_time":22.25648158},
{"learn":[0.2108917527],"iteration":229,"passed_time":6.640215289,"remaining_time":22.23028597},
{"learn":[0.2107540651],"iteration":230,"passed_time":6.672916286,"remaining_time":22.2141672},
{"learn":[0.2106580365],"iteration":231,"passed_time":6.707079962,"remaining_time":22.20274746},
{"learn":[0.210447843],"iteration":232,"passed_time":6.73247068,"remaining_time":22.16225327},
{"learn":[0.2103566391],"iteration":233,"passed_time":6.753250091,"remaining_time":22.10679303},
{"learn":[0.2101664613],"iteration":234,"passed_time":6.790265333,"remaining_time":22.10448076},
{"learn":[0.2100113157],"iteration":235,"passed_time":6.821768504,"remaining_time":22.08403024},
{"learn":[0.2099153065],"iteration":236,"passed_time":6.864409531,"remaining_time":22.09934376},
{"learn":[0.2097296627],"iteration":237,"passed_time":6.900167749,"remaining_time":22.09213372},
{"learn":[0.2095896112],"iteration":238,"passed_time":6.926830544,"remaining_time":22.05572403},
{"learn":[0.2093713185],"iteration":239,"passed_time":6.964645667,"remaining_time":22.05471128},
{"learn":[0.2091652716],"iteration":240,"passed_time":6.993981338,"remaining_time":22.02668811},
{"learn":[0.2090578109],"iteration":241,"passed_time":7.033718041,"remaining_time":22.03123254},
{"learn":[0.2088735042],"iteration":242,"passed_time":7.057144589,"remaining_time":21.98460269},
{"learn":[0.2086585441],"iteration":243,"passed_time":7.084594229,"remaining_time":21.95062802},
{"learn":[0.2085442437],"iteration":244,"passed_time":7.104890229,"remaining_time":21.89466173},
{"learn":[0.2083087643],"iteration":245,"passed_time":7.132743639,"remaining_time":21.8621492},
{"learn":[0.2081089371],"iteration":246,"passed_time":7.159956454,"remaining_time":21.8277215},
{"learn":[0.2080023484],"iteration":247,"passed_time":7.183238418,"remaining_time":21.78143262},
{"learn":[0.2078565422],"iteration":248,"passed_time":7.207959527,"remaining_time":21.7396691},
{"learn":[0.2076762463],"iteration":249,"passed_time":7.231536455,"remaining_time":21.69460937},
{"learn":[0.2076013377],"iteration":250,"passed_time":7.25907014,"remaining_time":21.66152803},
{"learn":[0.2073933532],"iteration":251,"passed_time":7.281810401,"remaining_time":21.61426262},
{"learn":[0.2072836643],"iteration":252,"passed_time":7.305798965,"remaining_time":21.57087679},
{"learn":[0.207176223],"iteration":253,"passed_time":7.334085585,"remaining_time":21.54026711},
{"learn":[0.2070959279],"iteration":254,"passed_time":7.352199016,"remaining_time":21.47995399},
{"learn":[0.2069728694],"iteration":255,"passed_time":7.375995256,"remaining_time":21.43648621},
{"learn":[0.2068632968],"iteration":256,"passed_time":7.403339045,"remaining_time":21.40342767},
{"learn":[0.2066578117],"iteration":257,"passed_time":7.42717856,"remaining_time":21.36033524},
{"learn":[0.2065517074],"iteration":258,"passed_time":7.45288199,"remaining_time":21.32272415},
{"learn":[0.2064925324],"iteration":259,"passed_time":7.479538338,"remaining_time":21.28791681},
{"learn":[0.2063770306],"iteration":260,"passed_time":7.504386119,"remaining_time":21.24805112},
{"learn":[0.2063136703],"iteration":261,"passed_time":7.530421996,"remaining_time":21.21164669},
{"learn":[0.206134537],"iteration":262,"passed_time":7.55531832,"remaining_time":21.17212777},
{"learn":[0.2060848757],"iteration":263,"passed_time":7.577501107,"remaining_time":21.1251546},
{"learn":[0.2059442236],"iteration":264,"passed_time":7.60522753,"remaining_time":21.09374428},
{"learn":[0.2058156234],"iteration":265,"passed_time":7.633584089,"remaining_time":21.06410046},
{"learn":[0.2056766183],"iteration":266,"passed_time":7.650783349,"remaining_time":21.00383594},
{"learn":[0.2056127155],"iteration":267,"passed_time":7.670787084,"remaining_time":20.95155278},
{"learn":[0.2053860328],"iteration":268,"passed_time":7.69597868,"remaining_time":20.91360749},
{"learn":[0.2052788047],"iteration":269,"passed_time":7.729867337,"remaining_time":20.89927095},
{"learn":[0.2050995164],"iteration":270,"passed_time":7.76512421,"remaining_time":20.88847066},
{"learn":[0.2049259634],"iteration":271,"passed_time":7.797383322,"remaining_time":20.86946713},
{"learn":[0.2047981965],"iteration":272,"passed_time":7.83326505,"remaining_time":20.86001352},
{"learn":[0.2047066437],"iteration":273,"passed_time":7.875439762,"remaining_time":20.86704112},
{"learn":[0.204527491],"iteration":274,"passed_time":7.903347422,"remaining_time":20.83609775},
{"learn":[0.2042973207],"iteration":275,"passed_time":7.931635649,"remaining_time":20.80617467},
{"learn":[0.2041727896],"iteration":276,"passed_time":7.951677494,"remaining_time":20.75473945},
{"learn":[0.203971451],"iteration":277,"passed_time":7.980936558,"remaining_time":20.72746833},
{"learn":[0.2038737948],"iteration":278,"passed_time":8.009870163,"remaining_time":20.69934189},
{"learn":[0.2037651522],"iteration":279,"passed_time":8.045436994,"remaining_time":20.68826656},
{"learn":[0.2036255077],"iteration":280,"passed_time":8.081588439,"remaining_time":20.67851277},
{"learn":[0.2034710984],"iteration":281,"passed_time":8.125514936,"remaining_time":20.68836782},
{"learn":[0.2033755348],"iteration":282,"passed_time":8.1613182,"remaining_time":20.67726201},
{"learn":[0.2032697599],"iteration":283,"passed_time":8.195278372,"remaining_time":20.66133561},
{"learn":[0.2031156219],"iteration":284,"passed_time":8.220163112,"remaining_time":20.62251447},
{"learn":[0.2029384068],"iteration":285,"passed_time":8.243702912,"remaining_time":20.58043314},
{"learn":[0.2028473385],"iteration":286,"passed_time":8.264136966,"remaining_time":20.53076536},
{"learn":[0.202734375],"iteration":287,"passed_time":8.288001231,"remaining_time":20.48978082},
{"learn":[0.2026245892],"iteration":288,"passed_time":8.307420978,"remaining_time":20.43798033},
{"learn":[0.2024856228],"iteration":289,"passed_time":8.331606763,"remaining_time":20.39807173},
{"learn":[0.2024304199],"iteration":290,"passed_time":8.351178521,"remaining_time":20.34702945},
{"learn":[0.2023178052],"iteration":291,"passed_time":8.369231516,"remaining_time":20.29252025},
{"learn":[0.2021919565],"iteration":292,"passed_time":8.388932159,"remaining_time":20.24223562},
{"learn":[0.2020755828],"iteration":293,"passed_time":8.414816785,"remaining_time":20.20700901},
{"learn":[0.2019655645],"iteration":294,"passed_time":8.440116793,"remaining_time":20.17044861},
{"learn":[0.2018701559],"iteration":295,"passed_time":8.463711073,"remaining_time":20.12990742},
{"learn":[0.2017830404],"iteration":296,"passed_time":8.485116224,"remaining_time":20.08429867},
{"learn":[0.201697533],"iteration":297,"passed_time":8.510485212,"remaining_time":20.04819},
{"learn":[0.2016308981],"iteration":298,"passed_time":8.535009011,"remaining_time":20.01017163},
{"learn":[0.2015168108],"iteration":299,"passed_time":8.557659919,"remaining_time":19.96787314},
{"learn":[0.2014505247],"iteration":300,"passed_time":8.580360526,"remaining_time":19.92582062},
{"learn":[0.2013390726],"iteration":301,"passed_time":8.600000448,"remaining_time":19.87682223},
{"learn":[0.2012136889],"iteration":302,"passed_time":8.626118289,"remaining_time":19.84291897},
{"learn":[0.2010656157],"iteration":303,"passed_time":8.648541505,"remaining_time":19.80060818},
{"learn":[0.2009764462],"iteration":304,"passed_time":8.666592868,"remaining_time":19.74846571},
{"learn":[0.200797371],"iteration":305,"passed_time":8.691294593,"remaining_time":19.71162891},
{"learn":[0.2007209124],"iteration":306,"passed_time":8.71154158,"remaining_time":19.66481536},
{"learn":[0.2005782839],"iteration":307,"passed_time":8.734637039,"remaining_time":19.62457413},
{"learn":[0.2003190492],"iteration":308,"passed_time":8.765773496,"remaining_time":19.60242552},
{"learn":[0.2001240273],"iteration":309,"passed_time":8.790756522,"remaining_time":19.56652258},
{"learn":[0.1999784536],"iteration":310,"passed_time":8.816178344,"remaining_time":19.53166199},
{"learn":[0.1998941282],"iteration":311,"passed_time":8.837620479,"remaining_time":19.48808619},
{"learn":[0.1998272414],"iteration":312,"passed_time":8.860133996,"remaining_time":19.44700337},
{"learn":[0.1996659924],"iteration":313,"passed_time":8.885707327,"remaining_time":19.41272365},
{"learn":[0.1995210969],"iteration":314,"passed_time":8.90930245,"remaining_time":19.37419739},
{"learn":[0.1994113498],"iteration":315,"passed_time":8.950476297,"remaining_time":19.37381578},
{"learn":[0.1993045286],"iteration":316,"passed_time":8.980559191,"remaining_time":19.34928053},
{"learn":[0.1991876899],"iteration":317,"passed_time":9.008139636,"remaining_time":19.3193435},
{"learn":[0.199090208],"iteration":318,"passed_time":9.036753827,"remaining_time":19.29162808},
{"learn":[0.1989781746],"iteration":319,"passed_time":9.076698247,"remaining_time":19.28798378},
{"learn":[0.1989055718],"iteration":320,"passed_time":9.106196825,"remaining_time":19.26201758},
{"learn":[0.1986919294],"iteration":321,"passed_time":9.127948452,"remaining_time":19.21971755},
{"learn":[0.1985655382],"iteration":322,"passed_time":9.144957781,"remaining_time":19.16760501},
{"learn":[0.1984774732],"iteration":323,"passed_time":9.169786446,"remaining_time":19.13202357},
{"learn":[0.1983377899],"iteration":324,"passed_time":9.200338425,"remaining_time":19.10839519},
{"learn":[0.1981619892],"iteration":325,"passed_time":9.232300231,"remaining_time":19.08763913},
{"learn":[0.1980873326],"iteration":326,"passed_time":9.261512127,"remaining_time":19.06115493},
{"learn":[0.1979727415],"iteration":327,"passed_time":9.294992181,"remaining_time":19.04339861},
{"learn":[0.1978610956],"iteration":328,"passed_time":9.331141722,"remaining_time":19.03099117},
{"learn":[0.1977987235],"iteration":329,"passed_time":9.360429532,"remaining_time":19.00450844},
{"learn":[0.1976684183],"iteration":330,"passed_time":9.388809876,"remaining_time":18.97617464},
{"learn":[0.1975816902],"iteration":331,"passed_time":9.407545867,"remaining_time":18.92843566},
{"learn":[0.1974744815],"iteration":332,"passed_time":9.41910573,"remaining_time":18.86649706},
{"learn":[0.1973668271],"iteration":333,"passed_time":9.436640039,"remaining_time":18.81677325},
{"learn":[0.1972586108],"iteration":334,"passed_time":9.448676944,"remaining_time":18.75632886},
{"learn":[0.1971510727],"iteration":335,"passed_time":9.45764838,"remaining_time":18.69011466},
{"learn":[0.1970798069],"iteration":336,"passed_time":9.466197593,"remaining_time":18.62340951},
{"learn":[0.1969894942],"iteration":337,"passed_time":9.474715407,"remaining_time":18.55698698},
{"learn":[0.1968210178],"iteration":338,"passed_time":9.485764346,"remaining_time":18.4958414},
{"learn":[0.1967734297],"iteration":339,"passed_time":9.495138199,"remaining_time":18.43173886},
{"learn":[0.1966861979],"iteration":340,"passed_time":9.506437881,"remaining_time":18.37167907},
{"learn":[0.196557966],"iteration":341,"passed_time":9.513889972,"remaining_time":18.30450176},
{"learn":[0.1964689903],"iteration":342,"passed_time":9.523135715,"remaining_time":18.24110835},
{"learn":[0.1964189608],"iteration":343,"passed_time":9.529746634,"remaining_time":18.17300521},
{"learn":[0.1962315732],"iteration":344,"passed_time":9.539077121,"remaining_time":18.11042178},
{"learn":[0.1961145795],"iteration":345,"passed_time":9.549546045,"remaining_time":18.05029802},
{"learn":[0.1959746249],"iteration":346,"passed_time":9.557468801,"remaining_time":17.98566895},
{"learn":[0.19581977],"iteration":347,"passed_time":9.568587097,"remaining_time":17.92735284},
{"learn":[0.1956901817],"iteration":348,"passed_time":9.57986035,"remaining_time":17.86959624},
{"learn":[0.1955669488],"iteration":349,"passed_time":9.587530796,"remaining_time":17.80541433},
{"learn":[0.1954471455],"iteration":350,"passed_time":9.599638488,"remaining_time":17.74975891},
{"learn":[0.1953255208],"iteration":351,"passed_time":9.609638949,"remaining_time":17.6904717},
{"learn":[0.1951955063],"iteration":352,"passed_time":9.631065792,"remaining_time":17.65240671},
{"learn":[0.1951245311],"iteration":353,"passed_time":9.641534927,"remaining_time":17.59443944},
{"learn":[0.1950503782],"iteration":354,"passed_time":9.657308023,"remaining_time":17.54637655},
{"learn":[0.1949399724],"iteration":355,"passed_time":9.675637374,"remaining_time":17.50311929},
{"learn":[0.1948710511],"iteration":356,"passed_time":9.696647124,"remaining_time":17.46482941},
{"learn":[0.1947399709],"iteration":357,"passed_time":9.709778253,"remaining_time":17.41250737},
{"learn":[0.1946990289],"iteration":358,"passed_time":9.720696106,"remaining_time":17.35645182},
{"learn":[0.1944491529],"iteration":359,"passed_time":9.731252768,"remaining_time":17.30000492},
{"learn":[0.1943219091],"iteration":360,"passed_time":9.745845966,"remaining_time":17.25095726},
{"learn":[0.1942277987],"iteration":361,"passed_time":9.763502796,"remaining_time":17.2074994},
{"learn":[0.1941465541],"iteration":362,"passed_time":9.776288826,"remaining_time":17.15563632},
{"learn":[0.1940668984],"iteration":363,"passed_time":9.783794025,"remaining_time":17.09476099},
{"learn":[0.1940160358],"iteration":364,"passed_time":9.792094119,"remaining_time":17.035561},
{"learn":[0.1939192902],"iteration":365,"passed_time":9.8000055,"remaining_time":16.97596581},
{"learn":[0.1937863498],"iteration":366,"passed_time":9.810028725,"remaining_time":16.92029478},
{"learn":[0.1936706737],"iteration":367,"passed_time":9.816432522,"remaining_time":16.85865585},
{"learn":[0.1935251969],"iteration":368,"passed_time":9.827201687,"remaining_time":16.8047812},
{"learn":[0.1934426928],"iteration":369,"passed_time":9.834364713,"remaining_time":16.74499938},
{"learn":[0.1933870249],"iteration":370,"passed_time":9.842688755,"remaining_time":16.68746961},
{"learn":[0.1932424006],"iteration":371,"passed_time":9.851443658,"remaining_time":16.63093177},
{"learn":[0.193159606],"iteration":372,"passed_time":9.860803129,"remaining_time":16.57566639},
{"learn":[0.1930911303],"iteration":373,"passed_time":9.868882606,"remaining_time":16.51850404},
{"learn":[0.1930024259],"iteration":374,"passed_time":9.878470204,"remaining_time":16.46411701},
{"learn":[0.1928833783],"iteration":375,"passed_time":9.889307137,"remaining_time":16.41204163},
{"learn":[0.1926966107],"iteration":376,"passed_time":9.899186357,"remaining_time":16.35860239},
{"learn":[0.1925488281],"iteration":377,"passed_time":9.908931168,"remaining_time":16.30517245},
{"learn":[0.1924581667],"iteration":378,"passed_time":9.917826898,"remaining_time":16.2505818},
{"learn":[0.1922951931],"iteration":379,"passed_time":9.927619772,"remaining_time":16.19769542},
{"learn":[0.1922509766],"iteration":380,"passed_time":9.941550567,"remaining_time":16.15175801},
{"learn":[0.192194553],"iteration":381,"passed_time":9.948627593,"remaining_time":16.09490014},
{"learn":[0.1920874605],"iteration":382,"passed_time":9.957910589,"remaining_time":16.04185596},
{"learn":[0.1920028444],"iteration":383,"passed_time":9.967132139,"remaining_time":15.98894114},
{"learn":[0.1919177052],"iteration":384,"passed_time":9.976696051,"remaining_time":15.93680019},
{"learn":[0.1918624054],"iteration":385,"passed_time":9.984332598,"remaining_time":15.88181403},
{"learn":[0.1917884463],"iteration":386,"passed_time":9.991777644,"remaining_time":15.82676924},
{"learn":[0.1916861592],"iteration":387,"passed_time":9.998443288,"remaining_time":15.77074044},
{"learn":[0.191610805],"iteration":388,"passed_time":10.00815692,"remaining_time":15.7197529},
{"learn":[0.1914848594],"iteration":389,"passed_time":10.01890465,"remaining_time":15.67059446},
{"learn":[0.191464185],"iteration":390,"passed_time":10.02518956,"remaining_time":15.61468144},
{"learn":[0.1913489351],"iteration":391,"passed_time":10.04118691,"remaining_time":15.57408582},
{"learn":[0.1911476159],"iteration":392,"passed_time":10.049811,"remaining_time":15.52222717},
{"learn":[0.1910069444],"iteration":393,"passed_time":10.05857845,"remaining_time":15.47080848},
{"learn":[0.1907883805],"iteration":394,"passed_time":10.06776298,"remaining_time":15.42024457},
{"learn":[0.1906214348],"iteration":395,"passed_time":10.07665248,"remaining_time":15.36943963},
{"learn":[0.1904857042],"iteration":396,"passed_time":10.0883492,"remaining_time":15.32310975},
{"learn":[0.1903860716],"iteration":397,"passed_time":10.09535477,"remaining_time":15.26985821},
{"learn":[0.1902234274],"iteration":398,"passed_time":10.10687344,"remaining_time":15.22363643},
{"learn":[0.1901135641],"iteration":399,"passed_time":10.11587257,"remaining_time":15.17380885},
{"learn":[0.1900209651],"iteration":400,"passed_time":10.12723815,"remaining_time":15.12771983},
{"learn":[0.1898284815],"iteration":401,"passed_time":10.13493399,"remaining_time":15.0763446},
{"learn":[0.1897394089],"iteration":402,"passed_time":10.14784869,"remaining_time":15.03291729},
{"learn":[0.1896768043],"iteration":403,"passed_time":10.1602883,"remaining_time":14.98894017},
{"learn":[0.1895707775],"iteration":404,"passed_time":10.17291261,"remaining_time":14.94539013},
{"learn":[0.1895029026],"iteration":405,"passed_time":10.18345018,"remaining_time":14.89893943},
{"learn":[0.1893946088],"iteration":406,"passed_time":10.19363017,"remaining_time":14.8521442},
{"learn":[0.1892729647],"iteration":407,"passed_time":10.20282977,"remaining_time":14.80410595},
{"learn":[0.1892142353],"iteration":408,"passed_time":10.21197362,"remaining_time":14.75617705},
{"learn":[0.1890493242],"iteration":409,"passed_time":10.2227929,"remaining_time":14.71084832},
{"learn":[0.1889284939],"iteration":410,"passed_time":10.23202353,"remaining_time":14.66341085},
{"learn":[0.188800262],"iteration":411,"passed_time":10.23923554,"remaining_time":14.61327791},
{"learn":[0.1886471509],"iteration":412,"passed_time":10.24739132,"remaining_time":14.5646942},
{"learn":[0.1885858445],"iteration":413,"passed_time":10.25484781,"remaining_time":14.51531598},
{"learn":[0.1885613917],"iteration":414,"passed_time":10.26582036,"remaining_time":14.47109616},
{"learn":[0.1884959387],"iteration":415,"passed_time":10.27245252,"remaining_time":14.42094296},
{"learn":[0.1884140935],"iteration":416,"passed_time":10.28136226,"remaining_time":14.37418273},
{"learn":[0.1883052184],"iteration":417,"passed_time":10.29188323,"remaining_time":14.32984699},
{"learn":[0.1882602655],"iteration":418,"passed_time":10.30038072,"remaining_time":14.28286682},
{"learn":[0.1882086085],"iteration":419,"passed_time":10.30819228,"remaining_time":14.23512267},
{"learn":[0.1880820816],"iteration":420,"passed_time":10.3161607,"remaining_time":14.18778396},
{"learn":[0.1879600113],"iteration":421,"passed_time":10.32527179,"remaining_time":14.14219691},
{"learn":[0.1878211031],"iteration":422,"passed_time":10.33567097,"remaining_time":14.09853936},
{"learn":[0.1878013005],"iteration":423,"passed_time":10.34298913,"remaining_time":14.05085315},
{"learn":[0.1876770988],"iteration":424,"passed_time":10.35308132,"remaining_time":14.00711002},
{"learn":[0.1875164311],"iteration":425,"passed_time":10.36309311,"remaining_time":13.96341654},
{"learn":[0.1874049789],"iteration":426,"passed_time":10.3712133,"remaining_time":13.91734243},
{"learn":[0.1873268733],"iteration":427,"passed_time":10.38423791,"remaining_time":13.87800019},
{"learn":[0.1872640749],"iteration":428,"passed_time":10.39276431,"remaining_time":13.83279352},
{"learn":[0.1871593076],"iteration":429,"passed_time":10.40044027,"remaining_time":13.78663012},
{"learn":[0.1870513044],"iteration":430,"passed_time":10.41062246,"remaining_time":13.74395402},
{"learn":[0.1869630069],"iteration":431,"passed_time":10.42013015,"remaining_time":13.70054149},
{"learn":[0.1868667457],"iteration":432,"passed_time":10.43231723,"remaining_time":13.66079415},
{"learn":[0.1868379333],"iteration":433,"passed_time":10.44228539,"remaining_time":13.61828002},
{"learn":[0.1867398313],"iteration":434,"passed_time":10.45254157,"remaining_time":13.57628963},
{"learn":[0.1866512432],"iteration":435,"passed_time":10.4642563,"remaining_time":13.53633155},
{"learn":[0.1865825544],"iteration":436,"passed_time":10.47586571,"remaining_time":13.49636703},
{"learn":[0.1863737367],"iteration":437,"passed_time":10.48935885,"remaining_time":13.45894903},
{"learn":[0.1862559873],"iteration":438,"passed_time":10.49890715,"remaining_time":13.41659889},
{"learn":[0.1861223106],"iteration":439,"passed_time":10.51247248,"remaining_time":13.37951043},
{"learn":[0.1859699746],"iteration":440,"passed_time":10.52115323,"remaining_time":13.33633708},
{"learn":[0.1858201187],"iteration":441,"passed_time":10.52978738,"remaining_time":13.29326099},
{"learn":[0.1857026793],"iteration":442,"passed_time":10.54502925,"remaining_time":13.25864851},
{"learn":[0.1855437748],"iteration":443,"passed_time":10.55850769,"remaining_time":13.22191504},
{"learn":[0.1854779343],"iteration":444,"passed_time":10.57265448,"remaining_time":13.18611963},
{"learn":[0.1853056021],"iteration":445,"passed_time":10.58568918,"remaining_time":13.14903992},
{"learn":[0.1852267795],"iteration":446,"passed_time":10.59444919,"remaining_time":13.10677942},
{"learn":[0.1851087588],"iteration":447,"passed_time":10.61465545,"remaining_time":13.07877189},
{"learn":[0.1849935283],"iteration":448,"passed_time":10.63188281,"remaining_time":13.04714349},
{"learn":[0.1849576435],"iteration":449,"passed_time":10.64454609,"remaining_time":13.01000077},
{"learn":[0.184809144],"iteration":450,"passed_time":10.66019533,"remaining_time":12.97660141},
{"learn":[0.1847478376],"iteration":451,"passed_time":10.68055876,"remaining_time":12.94899602},
{"learn":[0.1846805052],"iteration":452,"passed_time":10.69557866,"remaining_time":12.91497025},
{"learn":[0.1845393105],"iteration":453,"passed_time":10.71140414,"remaining_time":12.88199705},
{"learn":[0.1844732569],"iteration":454,"passed_time":10.72510408,"remaining_time":12.84655324},
{"learn":[0.1843994916],"iteration":455,"passed_time":10.73817965,"remaining_time":12.81045993},
{"learn":[0.1843084039],"iteration":456,"passed_time":10.74767338,"remaining_time":12.77021148},
{"learn":[0.1841731771],"iteration":457,"passed_time":10.77111698,"remaining_time":12.74660568},
{"learn":[0.1840850152],"iteration":458,"passed_time":10.78467182,"remaining_time":12.71134522},
{"learn":[0.1839969308],"iteration":459,"passed_time":10.80349998,"remaining_time":12.68236954},
{"learn":[0.1838866025],"iteration":460,"passed_time":10.82884378,"remaining_time":12.66105596},
{"learn":[0.18376926],"iteration":461,"passed_time":10.83927144,"remaining_time":12.62235505},
{"learn":[0.1836863297],"iteration":462,"passed_time":10.86039394,"remaining_time":12.59618044},
{"learn":[0.183536997],"iteration":463,"passed_time":10.87419636,"remaining_time":12.56157165},
{"learn":[0.1833943685],"iteration":464,"passed_time":10.89122904,"remaining_time":12.53076889},
{"learn":[0.183333469],"iteration":465,"passed_time":10.90387623,"remaining_time":12.4949998},
{"learn":[0.183281405],"iteration":466,"passed_time":10.91690429,"remaining_time":12.45976442},
{"learn":[0.183171193],"iteration":467,"passed_time":10.9260192,"remaining_time":12.42017567},
{"learn":[0.183050324],"iteration":468,"passed_time":10.9371453,"remaining_time":12.38299393},
{"learn":[0.1829247272],"iteration":469,"passed_time":10.94855838,"remaining_time":12.34624668},
{"learn":[0.1828642927],"iteration":470,"passed_time":10.9558183,"remaining_time":12.30494242},
{"learn":[0.1827618311],"iteration":471,"passed_time":10.96473984,"remaining_time":12.26564117},
{"learn":[0.1826669844],"iteration":472,"passed_time":10.97282233,"remaining_time":12.22553355},
{"learn":[0.182574211],"iteration":473,"passed_time":10.98226286,"remaining_time":12.18706806},
{"learn":[0.1825292194],"iteration":474,"passed_time":10.98989079,"remaining_time":12.1467214},
{"learn":[0.1824806819],"iteration":475,"passed_time":10.99875057,"remaining_time":12.10786827},
{"learn":[0.1823877728],"iteration":476,"passed_time":11.00588215,"remaining_time":12.06724605},
{"learn":[0.1822930811],"iteration":477,"passed_time":11.01498386,"remaining_time":12.02891543},
{"learn":[0.1822565182],"iteration":478,"passed_time":11.02162558,"remaining_time":11.98803116},
{"learn":[0.1821399313],"iteration":479,"passed_time":11.03571104,"remaining_time":11.95535363},
{"learn":[0.1820001705],"iteration":480,"passed_time":11.0438255,"remaining_time":11.91631067},
{"learn":[0.1819093153],"iteration":481,"passed_time":11.05146295,"remaining_time":11.87688342},
{"learn":[0.1818562826],"iteration":482,"passed_time":11.06300833,"remaining_time":11.84177082},
{"learn":[0.1817358011],"iteration":483,"passed_time":11.07372876,"remaining_time":11.80587612},
{"learn":[0.181641245],"iteration":484,"passed_time":11.08195653,"remaining_time":11.76743838},
{"learn":[0.1815417674],"iteration":485,"passed_time":11.09279112,"remaining_time":11.73188197},
{"learn":[0.1814213247],"iteration":486,"passed_time":11.10171263,"remaining_time":11.69441187},
{"learn":[0.1812293256],"iteration":487,"passed_time":11.10997873,"remaining_time":11.65637112},
{"learn":[0.1810918124],"iteration":488,"passed_time":11.11682822,"remaining_time":11.61697182},
{"learn":[0.180987762],"iteration":489,"passed_time":11.12656336,"remaining_time":11.5807088},
{"learn":[0.1808688306],"iteration":490,"passed_time":11.13584742,"remaining_time":11.54408622},
{"learn":[0.1807271903],"iteration":491,"passed_time":11.14927417,"remaining_time":11.51185219},
{"learn":[0.1806412373],"iteration":492,"passed_time":11.15666163,"remaining_time":11.47348367},
{"learn":[0.1805028716],"iteration":493,"passed_time":11.16535893,"remaining_time":11.43658223},
{"learn":[0.180455516],"iteration":494,"passed_time":11.17409619,"remaining_time":11.3998355},
{"learn":[0.1803522794],"iteration":495,"passed_time":11.18228178,"remaining_time":11.36264116},
{"learn":[0.1802179246],"iteration":496,"passed_time":11.19073475,"remaining_time":11.32583416},
{"learn":[0.180159854],"iteration":497,"passed_time":11.19916221,"remaining_time":11.28911532},
{"learn":[0.180109437],"iteration":498,"passed_time":11.2063509,"remaining_time":11.25126613},
{"learn":[0.1800938391],"iteration":499,"passed_time":11.21496208,"remaining_time":11.21496208},
{"learn":[0.1799496605],"iteration":500,"passed_time":11.22444288,"remaining_time":11.17963472},
{"learn":[0.1798447576],"iteration":501,"passed_time":11.23165451,"remaining_time":11.14215926},
{"learn":[0.1797191995],"iteration":502,"passed_time":11.24492574,"remaining_time":11.11079144},
{"learn":[0.1795575629],"iteration":503,"passed_time":11.2572572,"remaining_time":11.07857058},
{"learn":[0.1794957915],"iteration":504,"passed_time":11.26545059,"remaining_time":11.04237237},
{"learn":[0.1793758913],"iteration":505,"passed_time":11.27656234,"remaining_time":11.00913398},
{"learn":[0.1792656211],"iteration":506,"passed_time":11.28264358,"remaining_time":10.97109129},
{"learn":[0.1791128007],"iteration":507,"passed_time":11.29651786,"remaining_time":10.94072202},
{"learn":[0.1790499442],"iteration":508,"passed_time":11.30688684,"remaining_time":10.90703623},
{"learn":[0.1789573645],"iteration":509,"passed_time":11.32560432,"remaining_time":10.88146298},
{"learn":[0.1788289582],"iteration":510,"passed_time":11.34299308,"remaining_time":10.85464504},
{"learn":[0.1787847222],"iteration":511,"passed_time":11.36060193,"remaining_time":10.82807372},
{"learn":[0.1786296348],"iteration":512,"passed_time":11.37837925,"remaining_time":10.80169726},
{"learn":[0.1785696072],"iteration":513,"passed_time":11.40510004,"remaining_time":10.78381055},
{"learn":[0.1785055881],"iteration":514,"passed_time":11.42867815,"remaining_time":10.76292991},
{"learn":[0.1784025453],"iteration":515,"passed_time":11.44302367,"remaining_time":10.73337879},
{"learn":[0.1782736351],"iteration":516,"passed_time":11.45469314,"remaining_time":10.70138643},
{"learn":[0.1781625124],"iteration":517,"passed_time":11.46742651,"remaining_time":10.67046251},
{"learn":[0.1781004116],"iteration":518,"passed_time":11.484026,"remaining_time":10.64319173},
{"learn":[0.1780527654],"iteration":519,"passed_time":11.50202524,"remaining_time":10.61725407},
{"learn":[0.1779903545],"iteration":520,"passed_time":11.51083614,"remaining_time":10.58289925},
{"learn":[0.17792899],"iteration":521,"passed_time":11.52917577,"remaining_time":10.55736785},
{"learn":[0.1777745226],"iteration":522,"passed_time":11.54587441,"remaining_time":10.53036729},
{"learn":[0.1776505728],"iteration":523,"passed_time":11.55750057,"remaining_time":10.49879823},
{"learn":[0.1775791326],"iteration":524,"passed_time":11.56860822,"remaining_time":10.46683601},
{"learn":[0.1774835108],"iteration":525,"passed_time":11.58233047,"remaining_time":10.43730921},
{"learn":[0.1773721943],"iteration":526,"passed_time":11.59212806,"remaining_time":10.40431987},
{"learn":[0.1773341394],"iteration":527,"passed_time":11.60183249,"remaining_time":10.3713351},
{"learn":[0.1772896515],"iteration":528,"passed_time":11.6116857,"remaining_time":10.33857083},
{"learn":[0.1772562857],"iteration":529,"passed_time":11.62291445,"remaining_time":10.30711281},
{"learn":[0.1771684725],"iteration":530,"passed_time":11.6303953,"remaining_time":10.27242071},
{"learn":[0.1769834294],"iteration":531,"passed_time":11.64035372,"remaining_time":10.24001042},
{"learn":[0.1768744962],"iteration":532,"passed_time":11.65911503,"remaining_time":10.21539722},
{"learn":[0.1767507208],"iteration":533,"passed_time":11.6713575,"remaining_time":10.18511722},
{"learn":[0.1766347734],"iteration":534,"passed_time":11.68602532,"remaining_time":10.15701266},
{"learn":[0.1765033443],"iteration":535,"passed_time":11.69849019,"remaining_time":10.12705121},
{"learn":[0.1763845099],"iteration":536,"passed_time":11.70846583,"remaining_time":10.09500871},
{"learn":[0.1762553672],"iteration":537,"passed_time":11.71907293,"remaining_time":10.06359051},
{"learn":[0.1761592417],"iteration":538,"passed_time":11.72898897,"remaining_time":10.03165847},
{"learn":[0.1760931881],"iteration":539,"passed_time":11.73989715,"remaining_time":10.00065313},
{"learn":[0.1759605577],"iteration":540,"passed_time":11.75104833,"remaining_time":9.969928251},
{"learn":[0.1758563911],"iteration":541,"passed_time":11.75993534,"remaining_time":9.937362334},
{"learn":[0.1756984747],"iteration":542,"passed_time":11.76984894,"remaining_time":9.905747637},
{"learn":[0.1755337767],"iteration":543,"passed_time":11.78336881,"remaining_time":9.877235616},
{"learn":[0.175434861],"iteration":544,"passed_time":11.79322693,"remaining_time":9.845721565},
{"learn":[0.1752969215],"iteration":545,"passed_time":11.81138684,"remaining_time":9.821189786},
{"learn":[0.1751880852],"iteration":546,"passed_time":11.81804673,"remaining_time":9.787157531},
{"learn":[0.1750751992],"iteration":547,"passed_time":11.82761152,"remaining_time":9.75562118},
{"learn":[0.174993974],"iteration":548,"passed_time":11.83971251,"remaining_time":9.726248348},
{"learn":[0.1749435764],"iteration":549,"passed_time":11.85183165,"remaining_time":9.696953168},
{"learn":[0.1747617885],"iteration":550,"passed_time":11.86497703,"remaining_time":9.668556597},
{"learn":[0.1746957155],"iteration":551,"passed_time":11.87362936,"remaining_time":9.636568753},
{"learn":[0.1745659335],"iteration":552,"passed_time":11.88468676,"remaining_time":9.60660937},
{"learn":[0.1745075722],"iteration":553,"passed_time":11.89564264,"remaining_time":9.576636494},
{"learn":[0.1744021267],"iteration":554,"passed_time":11.90430158,"remaining_time":9.544890458},
{"learn":[0.1742925929],"iteration":555,"passed_time":11.9131058,"remaining_time":9.513343481},
{"learn":[0.1742406452],"iteration":556,"passed_time":11.92664822,"remaining_time":9.485646608},
{"learn":[0.1741439771],"iteration":557,"passed_time":11.93493216,"remaining_time":9.45383515},
{"learn":[0.174061008],"iteration":558,"passed_time":11.94340474,"remaining_time":9.422256688},
{"learn":[0.1739997985],"iteration":559,"passed_time":11.95770497,"remaining_time":9.395339617},
{"learn":[0.1738289776],"iteration":560,"passed_time":11.9667641,"remaining_time":9.364366202},
{"learn":[0.1737406994],"iteration":561,"passed_time":11.97530253,"remaining_time":9.333064959},
{"learn":[0.1736003379],"iteration":562,"passed_time":11.98584641,"remaining_time":9.303401209},
{"learn":[0.1735047356],"iteration":563,"passed_time":11.99775808,"remaining_time":9.274862628},
{"learn":[0.1733357747],"iteration":564,"passed_time":12.00714847,"remaining_time":9.244441745},
{"learn":[0.1732693142],"iteration":565,"passed_time":12.01685752,"remaining_time":9.214339508},
{"learn":[0.1731685772],"iteration":566,"passed_time":12.02626363,"remaining_time":9.184077871},
{"learn":[0.1730685376],"iteration":567,"passed_time":12.0393511,"remaining_time":9.156689573},
{"learn":[0.1730126178],"iteration":568,"passed_time":12.04597877,"remaining_time":9.124458435},
{"learn":[0.1728898112],"iteration":569,"passed_time":12.05772573,"remaining_time":9.096179059},
{"learn":[0.1727496435],"iteration":570,"passed_time":12.06728711,"remaining_time":9.066315537},
{"learn":[0.1726124403],"iteration":571,"passed_time":12.07518213,"remaining_time":9.035276138},
{"learn":[0.1724890718],"iteration":572,"passed_time":12.08616932,"remaining_time":9.006621815},
{"learn":[0.1723296053],"iteration":573,"passed_time":12.0956788,"remaining_time":8.976932352},
{"learn":[0.1722329954],"iteration":574,"passed_time":12.10408286,"remaining_time":8.946496028},
{"learn":[0.1721577381],"iteration":575,"passed_time":12.11451251,"remaining_time":8.917627263},
{"learn":[0.1720089673],"iteration":576,"passed_time":12.12413416,"remaining_time":8.888230068},
{"learn":[0.1718602741],"iteration":577,"passed_time":12.13468351,"remaining_time":8.859578621},
{"learn":[0.1717894345],"iteration":578,"passed_time":12.14329813,"remaining_time":8.829582921},
{"learn":[0.1717085387],"iteration":579,"passed_time":12.15508536,"remaining_time":8.801958362},
{"learn":[0.1715934632],"iteration":580,"passed_time":12.16231121,"remaining_time":8.77109879},
{"learn":[0.1715004573],"iteration":581,"passed_time":12.17489733,"remaining_time":8.74417025},
{"learn":[0.1714465913],"iteration":582,"passed_time":12.18400314,"remaining_time":8.714801563},
{"learn":[0.1712831721],"iteration":583,"passed_time":12.19484466,"remaining_time":8.686738659},
{"learn":[0.1711500961],"iteration":584,"passed_time":12.20637513,"remaining_time":8.659223386},
{"learn":[0.1709999496],"iteration":585,"passed_time":12.21895868,"remaining_time":8.632506641},
{"learn":[0.1708927215],"iteration":586,"passed_time":12.22621087,"remaining_time":8.602087034},
{"learn":[0.1707912869],"iteration":587,"passed_time":12.23547998,"remaining_time":8.573159443},
{"learn":[0.1707278685],"iteration":588,"passed_time":12.24369904,"remaining_time":8.543565884},
{"learn":[0.1705984546],"iteration":589,"passed_time":12.25504126,"remaining_time":8.516215111},
{"learn":[0.1705371481],"iteration":590,"passed_time":12.26424461,"remaining_time":8.487438315},
{"learn":[0.1705092463],"iteration":591,"passed_time":12.27444082,"remaining_time":8.459411919},
{"learn":[0.1704757836],"iteration":592,"passed_time":12.28560607,"remaining_time":8.432110742},
{"learn":[0.1704376318],"iteration":593,"passed_time":12.29682106,"remaining_time":8.404897896},
{"learn":[0.170343347],"iteration":594,"passed_time":12.30556891,"remaining_time":8.376059509},
{"learn":[0.1702415055],"iteration":595,"passed_time":12.31730601,"remaining_time":8.349314811},
{"learn":[0.1701435779],"iteration":596,"passed_time":12.32713576,"remaining_time":8.321332852},
{"learn":[0.1701199777],"iteration":597,"passed_time":12.33548689,"remaining_time":8.292417606},
{"learn":[0.1700172061],"iteration":598,"passed_time":12.34542442,"remaining_time":8.264633041},
{"learn":[0.1699378216],"iteration":599,"passed_time":12.35671262,"remaining_time":8.237808412},
{"learn":[0.1698306129],"iteration":600,"passed_time":12.36520551,"remaining_time":8.209179698},
{"learn":[0.1696655855],"iteration":601,"passed_time":12.37779388,"remaining_time":8.183325522},
{"learn":[0.1695341952],"iteration":602,"passed_time":12.384661,"remaining_time":8.153748617},
{"learn":[0.1694302417],"iteration":603,"passed_time":12.39502585,"remaining_time":8.126540126},
{"learn":[0.1692363436],"iteration":604,"passed_time":12.40472134,"remaining_time":8.098950298},
{"learn":[0.1691778661],"iteration":605,"passed_time":12.41333749,"remaining_time":8.070717772},
{"learn":[0.1690314399],"iteration":606,"passed_time":12.42489566,"remaining_time":8.044454687},
{"learn":[0.1689742219],"iteration":607,"passed_time":12.43395362,"remaining_time":8.016627993},
{"learn":[0.1688941592],"iteration":608,"passed_time":12.44463636,"remaining_time":7.989906104},
{"learn":[0.1687882099],"iteration":609,"passed_time":12.45203526,"remaining_time":7.961137298},
{"learn":[0.1686820281],"iteration":610,"passed_time":12.4642326,"remaining_time":7.935493421},
{"learn":[0.1685459876],"iteration":611,"passed_time":12.4730971,"remaining_time":7.907780517},
{"learn":[0.168433741],"iteration":612,"passed_time":12.48132917,"remaining_time":7.879729835},
{"learn":[0.1683545891],"iteration":613,"passed_time":12.493421,"remaining_time":7.854170204},
{"learn":[0.1682477679],"iteration":614,"passed_time":12.50354027,"remaining_time":7.827419521},
{"learn":[0.1681947157],"iteration":615,"passed_time":12.51488651,"remaining_time":7.801487695},
{"learn":[0.1681463139],"iteration":616,"passed_time":12.52864292,"remaining_time":7.77709925},
{"learn":[0.1680192445],"iteration":617,"passed_time":12.54258247,"remaining_time":7.752858421},
{"learn":[0.1679385037],"iteration":618,"passed_time":12.5501215,"remaining_time":7.724711295},
{"learn":[0.1678750465],"iteration":619,"passed_time":12.56767215,"remaining_time":7.702766803},
{"learn":[0.1677960496],"iteration":620,"passed_time":12.58102678,"remaining_time":7.678275606},
{"learn":[0.1677403816],"iteration":621,"passed_time":12.5911079,"remaining_time":7.651830843},
{"learn":[0.1676380751],"iteration":622,"passed_time":12.6025809,"remaining_time":7.626280897},
{"learn":[0.1675726028],"iteration":623,"passed_time":12.61462029,"remaining_time":7.601117352},
{"learn":[0.1675147066],"iteration":624,"passed_time":12.62534839,"remaining_time":7.575209032},
{"learn":[0.1674111599],"iteration":625,"passed_time":12.63698043,"remaining_time":7.549889264},
{"learn":[0.1673088921],"iteration":626,"passed_time":12.64727439,"remaining_time":7.523817142},
{"learn":[0.1672291977],"iteration":627,"passed_time":12.65763556,"remaining_time":7.497835078},
{"learn":[0.1671547735],"iteration":628,"passed_time":12.67023147,"remaining_time":7.473220786},
{"learn":[0.1669459558],"iteration":629,"passed_time":12.68246288,"remaining_time":7.448430579},
{"learn":[0.166853318],"iteration":630,"passed_time":12.69220456,"remaining_time":7.422224222},
{"learn":[0.1668307447],"iteration":631,"passed_time":12.70026034,"remaining_time":7.395088297},
{"learn":[0.1667357623],"iteration":632,"passed_time":12.71085055,"remaining_time":7.369482072},
{"learn":[0.1666410319],"iteration":633,"passed_time":12.72219886,"remaining_time":7.344360858},
{"learn":[0.166579338],"iteration":634,"passed_time":12.73553458,"remaining_time":7.32042539},
{"learn":[0.1664135742],"iteration":635,"passed_time":12.74742722,"remaining_time":7.295697337},
{"learn":[0.1663138641],"iteration":636,"passed_time":12.76201404,"remaining_time":7.272544895},
{"learn":[0.166183772],"iteration":637,"passed_time":12.77458933,"remaining_time":7.248277958},
{"learn":[0.1660927424],"iteration":638,"passed_time":12.78741875,"remaining_time":7.224191186},
{"learn":[0.1660337224],"iteration":639,"passed_time":12.80039433,"remaining_time":7.200221812},
{"learn":[0.1659840611],"iteration":640,"passed_time":12.81236023,"remaining_time":7.175721251},
{"learn":[0.165890222],"iteration":641,"passed_time":12.82346031,"remaining_time":7.150776931},
{"learn":[0.1657809012],"iteration":642,"passed_time":12.83442354,"remaining_time":7.125799693},
{"learn":[0.1657237026],"iteration":643,"passed_time":12.85300549,"remaining_time":7.105077569},
{"learn":[0.1656479802],"iteration":644,"passed_time":12.86771832,"remaining_time":7.082232565},
{"learn":[0.1655294945],"iteration":645,"passed_time":12.8784823,"remaining_time":7.057248814},
{"learn":[0.1653878736],"iteration":646,"passed_time":12.89227767,"remaining_time":7.033962932},
{"learn":[0.165351795],"iteration":647,"passed_time":12.89928751,"remaining_time":7.007020375},
{"learn":[0.1652123636],"iteration":648,"passed_time":12.91889393,"remaining_time":6.986951881},
{"learn":[0.1650927734],"iteration":649,"passed_time":12.93027425,"remaining_time":6.962455367},
{"learn":[0.1649362909],"iteration":650,"passed_time":12.94433706,"remaining_time":6.939437226},
{"learn":[0.164820266],"iteration":651,"passed_time":12.95704683,"remaining_time":6.915724383},
{"learn":[0.1647836449],"iteration":652,"passed_time":12.9692045,"remaining_time":6.891751857},
{"learn":[0.1646721928],"iteration":653,"passed_time":12.98084417,"remaining_time":6.867541409},
{"learn":[0.1645798844],"iteration":654,"passed_time":12.98896715,"remaining_time":6.84151705},
{"learn":[0.1645153615],"iteration":655,"passed_time":13.00358902,"remaining_time":6.818955218},
{"learn":[0.1644418287],"iteration":656,"passed_time":13.02193806,"remaining_time":6.798363403},
{"learn":[0.1643614366],"iteration":657,"passed_time":13.03422568,"remaining_time":6.774627938},
{"learn":[0.1642768012],"iteration":658,"passed_time":13.04808083,"remaining_time":6.751738335},
{"learn":[0.1641226245],"iteration":659,"passed_time":13.06523102,"remaining_time":6.730573558},
{"learn":[0.1640327768],"iteration":660,"passed_time":13.08211619,"remaining_time":6.709285007},
{"learn":[0.1639617048],"iteration":661,"passed_time":13.09259653,"remaining_time":6.684739618},
{"learn":[0.1638680788],"iteration":662,"passed_time":13.10466038,"remaining_time":6.661041552},
{"learn":[0.1637726508],"iteration":663,"passed_time":13.11511437,"remaining_time":6.636563899},
{"learn":[0.1636223106],"iteration":664,"passed_time":13.12864965,"remaining_time":6.613680651},
{"learn":[0.1635894679],"iteration":665,"passed_time":13.14325006,"remaining_time":6.591359641},
{"learn":[0.163527367],"iteration":666,"passed_time":13.16036469,"remaining_time":6.570317004},
{"learn":[0.1634302145],"iteration":667,"passed_time":13.17186574,"remaining_time":6.546496148},
{"learn":[0.1633264354],"iteration":668,"passed_time":13.18389113,"remaining_time":6.522971547},
{"learn":[0.1632603818],"iteration":669,"passed_time":13.19318087,"remaining_time":6.498133862},
{"learn":[0.1631680153],"iteration":670,"passed_time":13.20146813,"remaining_time":6.472850989},
{"learn":[0.1630445886],"iteration":671,"passed_time":13.21028987,"remaining_time":6.447879579},
{"learn":[0.162965456],"iteration":672,"passed_time":13.21724583,"remaining_time":6.422049611},
{"learn":[0.1628841533],"iteration":673,"passed_time":13.22626822,"remaining_time":6.397275135},
{"learn":[0.1628021337],"iteration":674,"passed_time":13.2366082,"remaining_time":6.373181727},
{"learn":[0.1626710728],"iteration":675,"passed_time":13.2454742,"remaining_time":6.348422547},
{"learn":[0.1625387622],"iteration":676,"passed_time":13.25515063,"remaining_time":6.324096978},
{"learn":[0.1624168953],"iteration":677,"passed_time":13.26282458,"remaining_time":6.298863593},
{"learn":[0.1623438856],"iteration":678,"passed_time":13.27345985,"remaining_time":6.275081905},
{"learn":[0.1622755263],"iteration":679,"passed_time":13.28072671,"remaining_time":6.249753744},
{"learn":[0.1621973916],"iteration":680,"passed_time":13.2893559,"remaining_time":6.225116787},
{"learn":[0.1620955985],"iteration":681,"passed_time":13.29835934,"remaining_time":6.200701276},
{"learn":[0.1619289822],"iteration":682,"passed_time":13.30732556,"remaining_time":6.176313618},
{"learn":[0.1618761335],"iteration":683,"passed_time":13.31784509,"remaining_time":6.152688669},
{"learn":[0.1617004782],"iteration":684,"passed_time":13.32584771,"remaining_time":6.127944566},
{"learn":[0.1615884545],"iteration":685,"passed_time":13.33676423,"remaining_time":6.104583042},
{"learn":[0.1615358867],"iteration":686,"passed_time":13.34435031,"remaining_time":6.079740388},
{"learn":[0.1614752004],"iteration":687,"passed_time":13.35263693,"remaining_time":6.055265584},
{"learn":[0.1613873872],"iteration":688,"passed_time":13.360622,"remaining_time":6.030701659},
{"learn":[0.1613016474],"iteration":689,"passed_time":13.37076631,"remaining_time":6.007155879},
{"learn":[0.161177155],"iteration":690,"passed_time":13.37955078,"remaining_time":5.983040796},
{"learn":[0.1610712251],"iteration":691,"passed_time":13.38817791,"remaining_time":5.958899996},
{"learn":[0.1609800793],"iteration":692,"passed_time":13.39501461,"remaining_time":5.9340108},
{"learn":[0.1609002589],"iteration":693,"passed_time":13.40321536,"remaining_time":5.909775074},
{"learn":[0.1608114963],"iteration":694,"passed_time":13.41099029,"remaining_time":5.885398615},
{"learn":[0.1607204474],"iteration":695,"passed_time":13.41948094,"remaining_time":5.86138248},
{"learn":[0.1606713964],"iteration":696,"passed_time":13.4256261,"remaining_time":5.836391259},
{"learn":[0.1605718897],"iteration":697,"passed_time":13.43555923,"remaining_time":5.813092963},
{"learn":[0.1605250864],"iteration":698,"passed_time":13.44443714,"remaining_time":5.789378511},
{"learn":[0.1604765392],"iteration":699,"passed_time":13.45355063,"remaining_time":5.765807414},
{"learn":[0.1603699796],"iteration":700,"passed_time":13.46334852,"remaining_time":5.742569481},
{"learn":[0.1602774096],"iteration":701,"passed_time":13.47005743,"remaining_time":5.718058567},
{"learn":[0.1602050006],"iteration":702,"passed_time":13.47891805,"remaining_time":5.694507339},
{"learn":[0.1601176525],"iteration":703,"passed_time":13.48762346,"remaining_time":5.670932591},
{"learn":[0.1600198897],"iteration":704,"passed_time":13.49455318,"remaining_time":5.646657002},
{"learn":[0.159908021],"iteration":705,"passed_time":13.5042296,"remaining_time":5.623574366},
{"learn":[0.1598208667],"iteration":706,"passed_time":13.51263262,"remaining_time":5.600001922},
{"learn":[0.1597372485],"iteration":707,"passed_time":13.52323008,"remaining_time":5.577377379},
{"learn":[0.1596787613],"iteration":708,"passed_time":13.53317059,"remaining_time":5.554517123},
{"learn":[0.1596362983],"iteration":709,"passed_time":13.54237537,"remaining_time":5.531392755},
{"learn":[0.1595831202],"iteration":710,"passed_time":13.55108144,"remaining_time":5.508104831},
{"learn":[0.1595121353],"iteration":711,"passed_time":13.55926479,"remaining_time":5.484646434},
{"learn":[0.1594268314],"iteration":712,"passed_time":13.56771064,"remaining_time":5.461336542},
{"learn":[0.159390656],"iteration":713,"passed_time":13.5782397,"remaining_time":5.438902739},
{"learn":[0.1593508766],"iteration":714,"passed_time":13.58722693,"remaining_time":5.415887656},
{"learn":[0.1592494613],"iteration":715,"passed_time":13.59768122,"remaining_time":5.393493667},
{"learn":[0.1591362363],"iteration":716,"passed_time":13.60655368,"remaining_time":5.370508636},
{"learn":[0.1589939275],"iteration":717,"passed_time":13.61636612,"remaining_time":5.347932098},
{"learn":[0.1588508146],"iteration":718,"passed_time":13.62519145,"remaining_time":5.325005283},
{"learn":[0.1586939058],"iteration":719,"passed_time":13.63271378,"remaining_time":5.301610916},
{"learn":[0.1585222323],"iteration":720,"passed_time":13.63950319,"remaining_time":5.277976964},
{"learn":[0.1584391276],"iteration":721,"passed_time":13.65095304,"remaining_time":5.256184136},
{"learn":[0.1583406769],"iteration":722,"passed_time":13.66074701,"remaining_time":5.233785507},
{"learn":[0.1581917996],"iteration":723,"passed_time":13.66846662,"remaining_time":5.210630922},
{"learn":[0.1581179083],"iteration":724,"passed_time":13.68128992,"remaining_time":5.189454798},
{"learn":[0.1580739727],"iteration":725,"passed_time":13.69300696,"remaining_time":5.167884171},
{"learn":[0.1580372063],"iteration":726,"passed_time":13.70353771,"remaining_time":5.14589518},
{"learn":[0.1579640997],"iteration":727,"passed_time":13.71358361,"remaining_time":5.123756512},
{"learn":[0.1578595358],"iteration":728,"passed_time":13.72539496,"remaining_time":5.102307317},
{"learn":[0.1578005158],"iteration":729,"passed_time":13.73379574,"remaining_time":5.07962308},
{"learn":[0.1577269733],"iteration":730,"passed_time":13.74618274,"remaining_time":5.058444813},
{"learn":[0.1576759363],"iteration":731,"passed_time":13.75755329,"remaining_time":5.036918416},
{"learn":[0.1575824459],"iteration":732,"passed_time":13.7677473,"remaining_time":5.014991171},
{"learn":[0.1575173127],"iteration":733,"passed_time":13.77598914,"remaining_time":4.992388436},
{"learn":[0.157449893],"iteration":734,"passed_time":13.78294363,"remaining_time":4.969360628},
{"learn":[0.157318929],"iteration":735,"passed_time":13.79427247,"remaining_time":4.947945559},
{"learn":[0.1572027879],"iteration":736,"passed_time":13.80448728,"remaining_time":4.926160317},
{"learn":[0.1571437194],"iteration":737,"passed_time":13.81256148,"remaining_time":4.903646488},
{"learn":[0.1570316375],"iteration":738,"passed_time":13.82184477,"remaining_time":4.881598763},
{"learn":[0.1569374496],"iteration":739,"passed_time":13.82986822,"remaining_time":4.85914289},
{"learn":[0.1568251256],"iteration":740,"passed_time":13.839697,"remaining_time":4.837356982},
{"learn":[0.1567568824],"iteration":741,"passed_time":13.84848315,"remaining_time":4.815240773},
{"learn":[0.1566496156],"iteration":742,"passed_time":13.85803037,"remaining_time":4.793423694},
{"learn":[0.1565590123],"iteration":743,"passed_time":13.86747174,"remaining_time":4.77160318},
{"learn":[0.1564660257],"iteration":744,"passed_time":13.87707054,"remaining_time":4.749869783},
{"learn":[0.156395128],"iteration":745,"passed_time":13.88627604,"remaining_time":4.728035007},
{"learn":[0.156316848],"iteration":746,"passed_time":13.89210377,"remaining_time":4.705090031},
{"learn":[0.156271527],"iteration":747,"passed_time":13.89848936,"remaining_time":4.682378769},
{"learn":[0.1561717587],"iteration":748,"passed_time":13.90758912,"remaining_time":4.660620654},
{"learn":[0.1560987006],"iteration":749,"passed_time":13.91455476,"remaining_time":4.63818492},
{"learn":[0.1559986999],"iteration":750,"passed_time":13.92390397,"remaining_time":4.616580678},
{"learn":[0.1559103054],"iteration":751,"passed_time":13.93043526,"remaining_time":4.594079714},
{"learn":[0.1558065166],"iteration":752,"passed_time":13.93703598,"remaining_time":4.571643939},
{"learn":[0.1557532901],"iteration":753,"passed_time":13.94604847,"remaining_time":4.550037035},
{"learn":[0.1556479124],"iteration":754,"passed_time":13.95443322,"remaining_time":4.528259787},
{"learn":[0.1555658056],"iteration":755,"passed_time":13.9624348,"remaining_time":4.506394302},
{"learn":[0.1554540628],"iteration":756,"passed_time":13.97249807,"remaining_time":4.485227255},
{"learn":[0.1553605821],"iteration":757,"passed_time":13.98185305,"remaining_time":4.463863375},
{"learn":[0.1552644082],"iteration":758,"passed_time":13.99145175,"remaining_time":4.442608527},
{"learn":[0.1551200552],"iteration":759,"passed_time":14.00322118,"remaining_time":4.422069846},
{"learn":[0.154952567],"iteration":760,"passed_time":14.01235384,"remaining_time":4.400726106},
{"learn":[0.1548428587],"iteration":761,"passed_time":14.02403216,"remaining_time":4.380209519},
{"learn":[0.154714123],"iteration":762,"passed_time":14.03451776,"remaining_time":4.359345621},
{"learn":[0.1546625047],"iteration":763,"passed_time":14.04410398,"remaining_time":4.338231072},
{"learn":[0.1545444743],"iteration":764,"passed_time":14.05506797,"remaining_time":4.317569899},
{"learn":[0.154461573],"iteration":765,"passed_time":14.06391074,"remaining_time":4.296286048},
{"learn":[0.1543758138],"iteration":766,"passed_time":14.07270392,"remaining_time":4.275019574},
{"learn":[0.1543317813],"iteration":767,"passed_time":14.08279464,"remaining_time":4.254177547},
{"learn":[0.1542728388],"iteration":768,"passed_time":14.09128992,"remaining_time":4.232884227},
{"learn":[0.1541846284],"iteration":769,"passed_time":14.10114979,"remaining_time":4.212031756},
{"learn":[0.1541204543],"iteration":770,"passed_time":14.11102812,"remaining_time":4.191213282},
{"learn":[0.1540837364],"iteration":771,"passed_time":14.12424485,"remaining_time":4.1714091},
{"learn":[0.1540127418],"iteration":772,"passed_time":14.13138792,"remaining_time":4.149838366},
{"learn":[0.153912276],"iteration":773,"passed_time":14.13999991,"remaining_time":4.128733825},
{"learn":[0.1538294038],"iteration":774,"passed_time":14.14805917,"remaining_time":4.107501049},
{"learn":[0.1537399244],"iteration":775,"passed_time":14.15616955,"remaining_time":4.086316985},
{"learn":[0.1535839262],"iteration":776,"passed_time":14.16897131,"remaining_time":4.066513},
{"learn":[0.1534939042],"iteration":777,"passed_time":14.17614516,"remaining_time":4.045121113},
{"learn":[0.1533937484],"iteration":778,"passed_time":14.18358773,"remaining_time":4.023841963},
{"learn":[0.153253387],"iteration":779,"passed_time":14.19315162,"remaining_time":4.003196609},
{"learn":[0.1531095378],"iteration":780,"passed_time":14.20258271,"remaining_time":3.982542399},
{"learn":[0.1530089169],"iteration":781,"passed_time":14.21408202,"remaining_time":3.962493455},
{"learn":[0.1529535106],"iteration":782,"passed_time":14.22083393,"remaining_time":3.941150656},
{"learn":[0.1528742424],"iteration":783,"passed_time":14.23059071,"remaining_time":3.920672952},
{"learn":[0.1528186035],"iteration":784,"passed_time":14.23961919,"remaining_time":3.90002309},
{"learn":[0.1527294922],"iteration":785,"passed_time":14.24778305,"remaining_time":3.879167396},
{"learn":[0.1526254418],"iteration":786,"passed_time":14.25689692,"remaining_time":3.858601074},
{"learn":[0.1525363595],"iteration":787,"passed_time":14.26374436,"remaining_time":3.837454067},
{"learn":[0.1524818251],"iteration":788,"passed_time":14.27160164,"remaining_time":3.816613367},
{"learn":[0.1523937891],"iteration":789,"passed_time":14.27969545,"remaining_time":3.795868411},
{"learn":[0.152304455],"iteration":790,"passed_time":14.289966,"remaining_time":3.775730587},
{"learn":[0.1522365606],"iteration":791,"passed_time":14.30050475,"remaining_time":3.755688116},
{"learn":[0.1521605864],"iteration":792,"passed_time":14.31121254,"remaining_time":3.735713739},
{"learn":[0.1520949203],"iteration":793,"passed_time":14.3182452,"remaining_time":3.714809207},
{"learn":[0.1519834198],"iteration":794,"passed_time":14.32751781,"remaining_time":3.694517172},
{"learn":[0.1519049557],"iteration":795,"passed_time":14.33645036,"remaining_time":3.674165671},
{"learn":[0.1518235948],"iteration":796,"passed_time":14.34796111,"remaining_time":3.654499505},
{"learn":[0.1517355298],"iteration":797,"passed_time":14.35681468,"remaining_time":3.63418116},
{"learn":[0.1516721211],"iteration":798,"passed_time":14.36448611,"remaining_time":3.613594128},
{"learn":[0.1516335624],"iteration":799,"passed_time":14.37326162,"remaining_time":3.593315406},
{"learn":[0.1514993528],"iteration":800,"passed_time":14.38161352,"remaining_time":3.572960163},
{"learn":[0.1514406138],"iteration":801,"passed_time":14.38937098,"remaining_time":3.552488098},
{"learn":[0.1513202001],"iteration":802,"passed_time":14.39941158,"remaining_time":3.532607822},
{"learn":[0.1512453497],"iteration":803,"passed_time":14.41135379,"remaining_time":3.513215601},
{"learn":[0.151193712],"iteration":804,"passed_time":14.41843861,"remaining_time":3.492665254},
{"learn":[0.151118571],"iteration":805,"passed_time":14.42751018,"remaining_time":3.472626521},
{"learn":[0.1510561988],"iteration":806,"passed_time":14.43798861,"remaining_time":3.452951428},
{"learn":[0.1509604124],"iteration":807,"passed_time":14.44644579,"remaining_time":3.432818801},
{"learn":[0.1509017024],"iteration":808,"passed_time":14.46341438,"remaining_time":3.414724532},
{"learn":[0.150806536],"iteration":809,"passed_time":14.47259152,"remaining_time":3.394805418},
{"learn":[0.1506955973],"iteration":810,"passed_time":14.48050951,"remaining_time":3.374619357},
{"learn":[0.1506151181],"iteration":811,"passed_time":14.4882313,"remaining_time":3.354418085},
{"learn":[0.1505109127],"iteration":812,"passed_time":14.4965915,"remaining_time":3.334394355},
{"learn":[0.1503963604],"iteration":813,"passed_time":14.50663892,"remaining_time":3.314784815},
{"learn":[0.1503145829],"iteration":814,"passed_time":14.51312137,"remaining_time":3.294389515},
{"learn":[0.1502025592],"iteration":815,"passed_time":14.5215444,"remaining_time":3.274465895},
{"learn":[0.1501379491],"iteration":816,"passed_time":14.53008482,"remaining_time":3.254596723},
{"learn":[0.1500654142],"iteration":817,"passed_time":14.53898072,"remaining_time":3.234834341},
{"learn":[0.149944022],"iteration":818,"passed_time":14.54848619,"remaining_time":3.215233211},
{"learn":[0.1498480128],"iteration":819,"passed_time":14.55763877,"remaining_time":3.195579243},
{"learn":[0.1497971405],"iteration":820,"passed_time":14.56713776,"remaining_time":3.17602638},
{"learn":[0.1497153824],"iteration":821,"passed_time":14.57390419,"remaining_time":3.15590626},
{"learn":[0.1495821901],"iteration":822,"passed_time":14.58300683,"remaining_time":3.136321032},
{"learn":[0.1495013331],"iteration":823,"passed_time":14.59038565,"remaining_time":3.116393052},
{"learn":[0.1494092281],"iteration":824,"passed_time":14.59883126,"remaining_time":3.096721782},
{"learn":[0.1493594796],"iteration":825,"passed_time":14.60576259,"remaining_time":3.076758705},
{"learn":[0.1493292721],"iteration":826,"passed_time":14.61406267,"remaining_time":3.057113472},
{"learn":[0.1492550998],"iteration":827,"passed_time":14.62300955,"remaining_time":3.037630002},
{"learn":[0.1491388327],"iteration":828,"passed_time":14.63230681,"remaining_time":3.018244228},
{"learn":[0.1490611049],"iteration":829,"passed_time":14.63935373,"remaining_time":2.998421848},
{"learn":[0.1489969405],"iteration":830,"passed_time":14.64649315,"remaining_time":2.978649028},
{"learn":[0.1489215379],"iteration":831,"passed_time":14.65607891,"remaining_time":2.959400549},
{"learn":[0.1488338797],"iteration":832,"passed_time":14.66396864,"remaining_time":2.93983525},
{"learn":[0.148736582],"iteration":833,"passed_time":14.67109313,"remaining_time":2.920145635},
{"learn":[0.1486016361],"iteration":834,"passed_time":14.6777673,"remaining_time":2.900397132},
{"learn":[0.1485427227],"iteration":835,"passed_time":14.68462535,"remaining_time":2.880715979},
{"learn":[0.1484535145],"iteration":836,"passed_time":14.69218818,"remaining_time":2.861202717},
{"learn":[0.1483744982],"iteration":837,"passed_time":14.70301494,"remaining_time":2.842348951},
{"learn":[0.1482475257],"iteration":838,"passed_time":14.70945567,"remaining_time":2.822672661},
{"learn":[0.1481690034],"iteration":839,"passed_time":14.71806609,"remaining_time":2.803441159},
{"learn":[0.1480754937],"iteration":840,"passed_time":14.72676707,"remaining_time":2.784252039},
{"learn":[0.1479553029],"iteration":841,"passed_time":14.73643362,"remaining_time":2.765269017},
{"learn":[0.1478433857],"iteration":842,"passed_time":14.74626192,"remaining_time":2.746338223},
{"learn":[0.1477424355],"iteration":843,"passed_time":14.75259927,"remaining_time":2.726783751},
{"learn":[0.1476703753],"iteration":844,"passed_time":14.76315943,"remaining_time":2.708035161},
{"learn":[0.1475921825],"iteration":845,"passed_time":14.76963435,"remaining_time":2.688562281},
{"learn":[0.147498663],"iteration":846,"passed_time":14.78001306,"remaining_time":2.669825263},
{"learn":[0.1474559481],"iteration":847,"passed_time":14.78855082,"remaining_time":2.650777978},
{"learn":[0.1473310392],"iteration":848,"passed_time":14.7991114,"remaining_time":2.632115219},
{"learn":[0.1472613041],"iteration":849,"passed_time":14.80638166,"remaining_time":2.61289088},
{"learn":[0.1472038923],"iteration":850,"passed_time":14.81535219,"remaining_time":2.593992335},
{"learn":[0.1471538241],"iteration":851,"passed_time":14.83012169,"remaining_time":2.576124425},
{"learn":[0.147112078],"iteration":852,"passed_time":14.83859416,"remaining_time":2.557178595},
{"learn":[0.1470717173],"iteration":853,"passed_time":14.84943083,"remaining_time":2.538661477},
{"learn":[0.1469995795],"iteration":854,"passed_time":14.86157907,"remaining_time":2.520384754},
{"learn":[0.1469362967],"iteration":855,"passed_time":14.86772579,"remaining_time":2.501112749},
{"learn":[0.1468338642],"iteration":856,"passed_time":14.87860106,"remaining_time":2.482660387},
{"learn":[0.1467419627],"iteration":857,"passed_time":14.88862731,"remaining_time":2.464085173},
{"learn":[0.1466632468],"iteration":858,"passed_time":14.90124777,"remaining_time":2.445955687},
{"learn":[0.1465545945],"iteration":859,"passed_time":14.91188458,"remaining_time":2.427516095},
{"learn":[0.1464912536],"iteration":860,"passed_time":14.92285653,"remaining_time":2.409148732},
{"learn":[0.1464003402],"iteration":861,"passed_time":14.9309917,"remaining_time":2.390344379},
{"learn":[0.1463407874],"iteration":862,"passed_time":14.94165362,"remaining_time":2.37196587},
{"learn":[0.1461966185],"iteration":863,"passed_time":14.95107581,"remaining_time":2.353410081},
{"learn":[0.1461306424],"iteration":864,"passed_time":14.95937102,"remaining_time":2.334699523},
{"learn":[0.1460876174],"iteration":865,"passed_time":14.96954802,"remaining_time":2.316304197},
{"learn":[0.1459569247],"iteration":866,"passed_time":14.97945645,"remaining_time":2.29788663},
{"learn":[0.1458547344],"iteration":867,"passed_time":14.99154348,"remaining_time":2.279819977},
{"learn":[0.1457983302],"iteration":868,"passed_time":15.00134509,"remaining_time":2.261422562},
{"learn":[0.1457253592],"iteration":869,"passed_time":15.01080062,"remaining_time":2.242993196},
{"learn":[0.1456185671],"iteration":870,"passed_time":15.01907734,"remaining_time":2.224409847},
{"learn":[0.1455805122],"iteration":871,"passed_time":15.02676612,"remaining_time":2.205763834},
{"learn":[0.1455364312],"iteration":872,"passed_time":15.03928361,"remaining_time":2.187845382},
{"learn":[0.1454740688],"iteration":873,"passed_time":15.04668645,"remaining_time":2.169201936},
{"learn":[0.1453910513],"iteration":874,"passed_time":15.05432497,"remaining_time":2.150617852},
{"learn":[0.1452865455],"iteration":875,"passed_time":15.0617628,"remaining_time":2.132030351},
{"learn":[0.1452553885],"iteration":876,"passed_time":15.07009307,"remaining_time":2.113593441},
{"learn":[0.1451871745],"iteration":877,"passed_time":15.07724869,"remaining_time":2.095016333},
{"learn":[0.1451130216],"iteration":878,"passed_time":15.08448967,"remaining_time":2.076476963},
{"learn":[0.1450490219],"iteration":879,"passed_time":15.09171592,"remaining_time":2.057961262},
{"learn":[0.1449547759],"iteration":880,"passed_time":15.09873729,"remaining_time":2.039443517},
{"learn":[0.1448474702],"iteration":881,"passed_time":15.10827451,"remaining_time":2.021288427},
{"learn":[0.1447875008],"iteration":882,"passed_time":15.11865806,"remaining_time":2.003264998},
{"learn":[0.1446899995],"iteration":883,"passed_time":15.12990918,"remaining_time":1.985372698},
{"learn":[0.1445988925],"iteration":884,"passed_time":15.14080188,"remaining_time":1.967448831},
{"learn":[0.1445572045],"iteration":885,"passed_time":15.14985999,"remaining_time":1.949304785},
{"learn":[0.1444934566],"iteration":886,"passed_time":15.15852236,"remaining_time":1.931130808},
{"learn":[0.1444000922],"iteration":887,"passed_time":15.1713219,"remaining_time":1.913500059},
{"learn":[0.144363568],"iteration":888,"passed_time":15.17934103,"remaining_time":1.8952833},
{"learn":[0.1442797173],"iteration":889,"passed_time":15.19296074,"remaining_time":1.877781665},
{"learn":[0.1441919914],"iteration":890,"passed_time":15.20188391,"remaining_time":1.859714193},
{"learn":[0.1441709779],"iteration":891,"passed_time":15.21807553,"remaining_time":1.842547261},
{"learn":[0.1440529863],"iteration":892,"passed_time":15.22696298,"remaining_time":1.824507323},
{"learn":[0.1439715189],"iteration":893,"passed_time":15.23748731,"remaining_time":1.806681941},
{"learn":[0.1439030335],"iteration":894,"passed_time":15.24981003,"remaining_time":1.789083858},
{"learn":[0.1438450405],"iteration":895,"passed_time":15.25855857,"remaining_time":1.771082691},
{"learn":[0.1437799944],"iteration":896,"passed_time":15.27044961,"remaining_time":1.753462998},
{"learn":[0.1437035552],"iteration":897,"passed_time":15.28077114,"remaining_time":1.735677791},
{"learn":[0.1436748008],"iteration":898,"passed_time":15.28881673,"remaining_time":1.717653493},
{"learn":[0.1436256917],"iteration":899,"passed_time":15.29501495,"remaining_time":1.699446106},
{"learn":[0.1435979546],"iteration":900,"passed_time":15.30158202,"remaining_time":1.681305905},
{"learn":[0.1435389927],"iteration":901,"passed_time":15.31069078,"remaining_time":1.663467512},
{"learn":[0.1433838666],"iteration":902,"passed_time":15.32056057,"remaining_time":1.645730205},
{"learn":[0.1433468579],"iteration":903,"passed_time":15.33009346,"remaining_time":1.627974527},
{"learn":[0.1432643152],"iteration":904,"passed_time":15.33831877,"remaining_time":1.61009976},
{"learn":[0.1431417023],"iteration":905,"passed_time":15.35024488,"remaining_time":1.592630264},
{"learn":[0.1430450924],"iteration":906,"passed_time":15.35786623,"remaining_time":1.574731598},
{"learn":[0.1429175289],"iteration":907,"passed_time":15.36923694,"remaining_time":1.557235461},
{"learn":[0.1428117831],"iteration":908,"passed_time":15.37666419,"remaining_time":1.539358021},
{"learn":[0.1426969595],"iteration":909,"passed_time":15.38376907,"remaining_time":1.521471666},
{"learn":[0.1425851489],"iteration":910,"passed_time":15.39198171,"remaining_time":1.503717203},
{"learn":[0.142533114],"iteration":911,"passed_time":15.40058663,"remaining_time":1.486021517},
{"learn":[0.1424725826],"iteration":912,"passed_time":15.40903366,"remaining_time":1.468330699},
{"learn":[0.1423988948],"iteration":913,"passed_time":15.4175586,"remaining_time":1.450667439},
{"learn":[0.1423690941],"iteration":914,"passed_time":15.42660105,"remaining_time":1.433072228},
{"learn":[0.1423136684],"iteration":915,"passed_time":15.43885325,"remaining_time":1.415790036},
{"learn":[0.1422470432],"iteration":916,"passed_time":15.44841296,"remaining_time":1.398275109},
{"learn":[0.1421687826],"iteration":917,"passed_time":15.45765615,"remaining_time":1.380749242},
{"learn":[0.1421154979],"iteration":918,"passed_time":15.46903064,"remaining_time":1.363429251},
{"learn":[0.1420471773],"iteration":919,"passed_time":15.47734235,"remaining_time":1.345855857},
{"learn":[0.142003106],"iteration":920,"passed_time":15.48446463,"remaining_time":1.328200549},
{"learn":[0.1419494435],"iteration":921,"passed_time":15.49511203,"remaining_time":1.310866311},
{"learn":[0.1418558563],"iteration":922,"passed_time":15.50078772,"remaining_time":1.293131803},
{"learn":[0.1417402092],"iteration":923,"passed_time":15.5101876,"remaining_time":1.275729716},
{"learn":[0.1416573467],"iteration":924,"passed_time":15.51587475,"remaining_time":1.258043898},
{"learn":[0.1415824769],"iteration":925,"passed_time":15.52219566,"remaining_time":1.240434642},
{"learn":[0.141531808],"iteration":926,"passed_time":15.53332767,"remaining_time":1.223228608},
{"learn":[0.1414471823],"iteration":927,"passed_time":15.53987143,"remaining_time":1.20567968},
{"learn":[0.1414034404],"iteration":928,"passed_time":15.55040236,"remaining_time":1.188459169},
{"learn":[0.1413260517],"iteration":929,"passed_time":15.56083185,"remaining_time":1.171245408},
{"learn":[0.1412542337],"iteration":930,"passed_time":15.56964165,"remaining_time":1.153926181},
{"learn":[0.1411568487],"iteration":931,"passed_time":15.57971584,"remaining_time":1.136717465},
{"learn":[0.1410746063],"iteration":932,"passed_time":15.58622787,"remaining_time":1.119268239},
{"learn":[0.1410086108],"iteration":933,"passed_time":15.5924331,"remaining_time":1.101820755},
{"learn":[0.1408902607],"iteration":934,"passed_time":15.59994199,"remaining_time":1.084487946},
{"learn":[0.1408231221],"iteration":935,"passed_time":15.60951443,"remaining_time":1.067317226},
{"learn":[0.1407605756],"iteration":936,"passed_time":15.6195585,"remaining_time":1.050194435},
{"learn":[0.1407341754],"iteration":937,"passed_time":15.63052573,"remaining_time":1.033147756},
{"learn":[0.140661563],"iteration":938,"passed_time":15.6431599,"remaining_time":1.016222315},
{"learn":[0.1405703299],"iteration":939,"passed_time":15.65947475,"remaining_time":0.9995409417},
{"learn":[0.1405375453],"iteration":940,"passed_time":15.67085791,"remaining_time":0.9825511338},
{"learn":[0.1404617067],"iteration":941,"passed_time":15.68332468,"remaining_time":0.9656399486},
{"learn":[0.1404358201],"iteration":942,"passed_time":15.69190838,"remaining_time":0.948503476},
{"learn":[0.1403563678],"iteration":943,"passed_time":15.69873638,"remaining_time":0.9312809716},
{"learn":[0.1403120931],"iteration":944,"passed_time":15.70634257,"remaining_time":0.9141257579},
{"learn":[0.1401990037],"iteration":945,"passed_time":15.71318015,"remaining_time":0.8969468585},
{"learn":[0.1401322138],"iteration":946,"passed_time":15.72283559,"remaining_time":0.8799475041},
{"learn":[0.14007735],"iteration":947,"passed_time":15.73170995,"remaining_time":0.8629207988},
{"learn":[0.139961015],"iteration":948,"passed_time":15.74002309,"remaining_time":0.8458811146},
{"learn":[0.1399361553],"iteration":949,"passed_time":15.7462351,"remaining_time":0.8287492158},
{"learn":[0.1399021112],"iteration":950,"passed_time":15.75401485,"remaining_time":0.8117210598},
{"learn":[0.1398236762],"iteration":951,"passed_time":15.76113391,"remaining_time":0.7946790208},
{"learn":[0.1397450668],"iteration":952,"passed_time":15.76765963,"remaining_time":0.7776285442},
{"learn":[0.1396453954],"iteration":953,"passed_time":15.77324374,"remaining_time":0.7605547298},
{"learn":[0.1395632111],"iteration":954,"passed_time":15.77775117,"remaining_time":0.7434542437},
{"learn":[0.1394843983],"iteration":955,"passed_time":15.78306503,"remaining_time":0.7264172191},
{"learn":[0.1394487944],"iteration":956,"passed_time":15.78847515,"remaining_time":0.7094090191},
{"learn":[0.1393961007],"iteration":957,"passed_time":15.7939358,"remaining_time":0.6924272482},
{"learn":[0.1392985995],"iteration":958,"passed_time":15.80008552,"remaining_time":0.6754989638},
{"learn":[0.1392475431],"iteration":959,"passed_time":15.80612361,"remaining_time":0.6585884838},
{"learn":[0.1391633533],"iteration":960,"passed_time":15.81116287,"remaining_time":0.6416600956},
{"learn":[0.1391167535],"iteration":961,"passed_time":15.81838171,"remaining_time":0.6248425209},
{"learn":[0.1390260533],"iteration":962,"passed_time":15.82351577,"remaining_time":0.6079647803},
{"learn":[0.138978349],"iteration":963,"passed_time":15.82879651,"remaining_time":0.5911168819},
{"learn":[0.1389476183],"iteration":964,"passed_time":15.83552098,"remaining_time":0.5743453205},
{"learn":[0.1388882301],"iteration":965,"passed_time":15.84068686,"remaining_time":0.557539703},
{"learn":[0.1388220893],"iteration":966,"passed_time":15.84577063,"remaining_time":0.5407553576},
{"learn":[0.1387539334],"iteration":967,"passed_time":15.85160064,"remaining_time":0.5240198558},
{"learn":[0.1386515203],"iteration":968,"passed_time":15.8571191,"remaining_time":0.5072968957},
{"learn":[0.1386052692],"iteration":969,"passed_time":15.86240924,"remaining_time":0.4905899766},
{"learn":[0.1385342649],"iteration":970,"passed_time":15.86940374,"remaining_time":0.4739574751},
{"learn":[0.1384309024],"iteration":971,"passed_time":15.8744942,"remaining_time":0.4572899565},
{"learn":[0.1383885266],"iteration":972,"passed_time":15.88095096,"remaining_time":0.4406841479},
{"learn":[0.1382679676],"iteration":973,"passed_time":15.88626621,"remaining_time":0.4240687078},
{"learn":[0.1382210965],"iteration":974,"passed_time":15.89151914,"remaining_time":0.4074748496},
{"learn":[0.138133293],"iteration":975,"passed_time":15.89819982,"remaining_time":0.3909393399},
{"learn":[0.1380451021],"iteration":976,"passed_time":15.90310035,"remaining_time":0.3743820963},
{"learn":[0.1379278468],"iteration":977,"passed_time":15.90847202,"remaining_time":0.3578592888},
{"learn":[0.1378421747],"iteration":978,"passed_time":15.91460799,"remaining_time":0.3413756565},
{"learn":[0.1377663264],"iteration":979,"passed_time":15.91986629,"remaining_time":0.3248952304},
{"learn":[0.1377308873],"iteration":980,"passed_time":15.92496279,"remaining_time":0.3084345494},
{"learn":[0.1376660059],"iteration":981,"passed_time":15.93029703,"remaining_time":0.2920013712},
{"learn":[0.1376008824],"iteration":982,"passed_time":15.93532327,"remaining_time":0.2755854481},
{"learn":[0.1375471715],"iteration":983,"passed_time":15.94021598,"remaining_time":0.2591905037},
{"learn":[0.1374561709],"iteration":984,"passed_time":15.94613273,"remaining_time":0.2428345086},
{"learn":[0.1373628162],"iteration":985,"passed_time":15.95145835,"remaining_time":0.226491295},
{"learn":[0.137334401],"iteration":986,"passed_time":15.95587183,"remaining_time":0.2101583929},
{"learn":[0.1372683377],"iteration":987,"passed_time":15.96195155,"remaining_time":0.1938698569},
{"learn":[0.1372252062],"iteration":988,"passed_time":15.96630954,"remaining_time":0.1775828159},
{"learn":[0.1372013928],"iteration":989,"passed_time":15.97134275,"remaining_time":0.1613266944},
{"learn":[0.1371374899],"iteration":990,"passed_time":15.97716294,"remaining_time":0.1451003698},
{"learn":[0.137073248],"iteration":991,"passed_time":15.98218853,"remaining_time":0.1288886172},
{"learn":[0.1370250109],"iteration":992,"passed_time":15.98742641,"remaining_time":0.1127008911},
{"learn":[0.1369764927],"iteration":993,"passed_time":15.99343025,"remaining_time":0.09653982039},
{"learn":[0.1369342816],"iteration":994,"passed_time":15.99893338,"remaining_time":0.08039665014},
{"learn":[0.1368664357],"iteration":995,"passed_time":16.00428926,"remaining_time":0.06427425407},
{"learn":[0.1368241083],"iteration":996,"passed_time":16.00910332,"remaining_time":0.04817182543},
{"learn":[0.1367652917],"iteration":997,"passed_time":16.01391548,"remaining_time":0.03209201499},
{"learn":[0.1366843669],"iteration":998,"passed_time":16.01875423,"remaining_time":0.01603478902},
{"learn":[0.1365942383],"iteration":999,"passed_time":16.02423493,"remaining_time":0}
]}